id,id_match,player,move,valid,win,model,execution_time,timestamp,board
67d1cd6ed0b286e08668cb83,e0b1c892-ff6c-11ef-933b-005056c00003,x,"['mark', '1', '1']",1,0,google/gemini-2.0-flash-lite-preview-02-05:free,3.6402172000380233,2025-03-12T18:07:42.723Z,"[['cell', '1', '2', 'b'], ['cell', '1', '3', 'b'], ['cell', '2', '1', 'b'], ['cell', '2', '2', 'b'], ['cell', '2', '3', 'b'], ['cell', '3', '1', 'b'], ['cell', '3', '2', 'b'], ['cell', '3', '3', 'b'], ['cell', '1', '1', 'x'], ['control', 'o']]"
67d1cd76d0b286e08668cb85,e0b1c892-ff6c-11ef-933b-005056c00003,o,"['mark', '2', '2']",1,0,google/gemini-2.0-flash-thinking-exp:free,4.65560119994916,2025-03-12T18:07:50.727Z,"[['cell', '1', '2', 'b'], ['cell', '1', '3', 'b'], ['cell', '2', '1', 'b'], ['cell', '2', '3', 'b'], ['cell', '3', '1', 'b'], ['cell', '3', '2', 'b'], ['cell', '3', '3', 'b'], ['cell', '1', '1', 'x'], ['cell', '2', '2', 'o'], ['control', 'x']]"
67d1cd7cd0b286e08668cb87,e0b1c892-ff6c-11ef-933b-005056c00003,x,"['mark', '3', '3']",1,0,google/gemini-2.0-flash-lite-preview-02-05:free,2.858307100017555,2025-03-12T18:07:56.671Z,"[['cell', '1', '2', 'b'], ['cell', '1', '3', 'b'], ['cell', '2', '1', 'b'], ['cell', '2', '3', 'b'], ['cell', '3', '1', 'b'], ['cell', '3', '2', 'b'], ['cell', '1', '1', 'x'], ['cell', '2', '2', 'o'], ['cell', '3', '3', 'x'], ['control', 'o']]"
67d1cd88d0b286e08668cb89,e0b1c892-ff6c-11ef-933b-005056c00003,o,"['mark', '1', '2']",1,0,google/gemini-2.0-flash-thinking-exp:free,7.150229700026102,2025-03-12T18:08:08.167Z,"[['cell', '1', '3', 'b'], ['cell', '2', '1', 'b'], ['cell', '2', '3', 'b'], ['cell', '3', '1', 'b'], ['cell', '3', '2', 'b'], ['cell', '1', '1', 'x'], ['cell', '2', '2', 'o'], ['cell', '3', '3', 'x'], ['cell', '1', '2', 'o'], ['control', 'x']]"
67d1cd8ed0b286e08668cb8b,e0b1c892-ff6c-11ef-933b-005056c00003,x,"['mark', '2', '1']",1,0,google/gemini-2.0-flash-lite-preview-02-05:free,2.7094247000059113,2025-03-12T18:08:14.358Z,"[['cell', '1', '3', 'b'], ['cell', '2', '3', 'b'], ['cell', '3', '1', 'b'], ['cell', '3', '2', 'b'], ['cell', '1', '1', 'x'], ['cell', '2', '2', 'o'], ['cell', '3', '3', 'x'], ['cell', '1', '2', 'o'], ['cell', '2', '1', 'x'], ['control', 'o']]"
67d1cd9bd0b286e08668cb8d,e0b1c892-ff6c-11ef-933b-005056c00003,o,"['mark', '3', '1']",1,0,google/gemini-2.0-flash-thinking-exp:free,8.2707496000221,2025-03-12T18:08:27.941Z,"[['cell', '1', '3', 'b'], ['cell', '2', '3', 'b'], ['cell', '3', '2', 'b'], ['cell', '1', '1', 'x'], ['cell', '2', '2', 'o'], ['cell', '3', '3', 'x'], ['cell', '1', '2', 'o'], ['cell', '2', '1', 'x'], ['cell', '3', '1', 'o'], ['control', 'x']]"
67d1cda3d0b286e08668cb8f,e0b1c892-ff6c-11ef-933b-005056c00003,x,"['mark', '1', '3']",1,0,google/gemini-2.0-flash-lite-preview-02-05:free,3.179184200009331,2025-03-12T18:08:35.766Z,"[['cell', '2', '3', 'b'], ['cell', '3', '2', 'b'], ['cell', '1', '1', 'x'], ['cell', '2', '2', 'o'], ['cell', '3', '3', 'x'], ['cell', '1', '2', 'o'], ['cell', '2', '1', 'x'], ['cell', '3', '1', 'o'], ['cell', '1', '3', 'x'], ['control', 'o']]"
67d1cdaed0b286e08668cb91,e0b1c892-ff6c-11ef-933b-005056c00003,o,"['mark', '3', '2']",1,1,google/gemini-2.0-flash-thinking-exp:free,6.716610800009221,2025-03-12T18:08:46.106Z,"[['cell', '2', '3', 'b'], ['cell', '1', '1', 'x'], ['cell', '2', '2', 'o'], ['cell', '3', '3', 'x'], ['cell', '1', '2', 'o'], ['cell', '2', '1', 'x'], ['cell', '3', '1', 'o'], ['cell', '1', '3', 'x'], ['cell', '3', '2', 'o'], ['control', 'x']]"
67d1cdb3d0b286e08668cb93,e0b1c892-ff6c-11ef-933b-005056c00003,x,"['MOVE OR STEP with this format [""mark"",""M"",""N""] - list format in python']",0,1,google/gemini-2.0-flash-lite-preview-02-05:free,1.3347988000605255,2025-03-12T18:08:51.307Z,"[['cell', '2', '3', 'b'], ['cell', '1', '1', 'x'], ['cell', '2', '2', 'o'], ['cell', '3', '3', 'x'], ['cell', '1', '2', 'o'], ['cell', '2', '1', 'x'], ['cell', '3', '1', 'o'], ['cell', '1', '3', 'x'], ['cell', '3', '2', 'o'], ['control', 'x']]"
67d1bee993c4dd6a1c6a5b68,383a38b3-ff64-11ef-9c58-005056c00003,x,"['mark', '2', '2']",1,0,google/gemini-2.0-pro-exp-02-05:free,4.8277362999506295,2025-03-12T17:05:45.302Z,"[['cell', '1', '1', 'b'], ['cell', '1', '2', 'b'], ['cell', '1', '3', 'b'], ['cell', '2', '1', 'b'], ['cell', '2', '3', 'b'], ['cell', '3', '1', 'b'], ['cell', '3', '2', 'b'], ['cell', '3', '3', 'b'], ['cell', '2', '2', 'x'], ['control', 'o']]"
67d1beff93c4dd6a1c6a5b6a,383a38b3-ff64-11ef-9c58-005056c00003,o,"['mark', '1', '1']",1,0,qwen/qwen2.5-vl-72b-instruct:free,6.800787199987099,2025-03-12T17:06:07.802Z,"[['cell', '1', '2', 'b'], ['cell', '1', '3', 'b'], ['cell', '2', '1', 'b'], ['cell', '2', '3', 'b'], ['cell', '3', '1', 'b'], ['cell', '3', '2', 'b'], ['cell', '3', '3', 'b'], ['cell', '2', '2', 'x'], ['cell', '1', '1', 'o'], ['control', 'x']]"
67d1bf0f93c4dd6a1c6a5b6c,383a38b3-ff64-11ef-9c58-005056c00003,x,"['mark', '1', '2']",1,0,google/gemini-2.0-pro-exp-02-05:free,11.235950600006618,2025-03-12T17:06:23.097Z,"[['cell', '1', '3', 'b'], ['cell', '2', '1', 'b'], ['cell', '2', '3', 'b'], ['cell', '3', '1', 'b'], ['cell', '3', '2', 'b'], ['cell', '3', '3', 'b'], ['cell', '2', '2', 'x'], ['cell', '1', '1', 'o'], ['cell', '1', '2', 'x'], ['control', 'o']]"
67d1bf1f93c4dd6a1c6a5b6e,383a38b3-ff64-11ef-9c58-005056c00003,o,"['mark', '1', '3']",1,0,qwen/qwen2.5-vl-72b-instruct:free,10.244041200028732,2025-03-12T17:06:39.732Z,"[['cell', '2', '1', 'b'], ['cell', '2', '3', 'b'], ['cell', '3', '1', 'b'], ['cell', '3', '2', 'b'], ['cell', '3', '3', 'b'], ['cell', '2', '2', 'x'], ['cell', '1', '1', 'o'], ['cell', '1', '2', 'x'], ['cell', '1', '3', 'o'], ['control', 'x']]"
67d1bf2893c4dd6a1c6a5b70,383a38b3-ff64-11ef-9c58-005056c00003,x,"['mark', '2', '1']",1,0,google/gemini-2.0-pro-exp-02-05:free,2.9859758999664336,2025-03-12T17:06:48.902Z,"[['cell', '2', '3', 'b'], ['cell', '3', '1', 'b'], ['cell', '3', '2', 'b'], ['cell', '3', '3', 'b'], ['cell', '2', '2', 'x'], ['cell', '1', '1', 'o'], ['cell', '1', '2', 'x'], ['cell', '1', '3', 'o'], ['cell', '2', '1', 'x'], ['control', 'o']]"
67d1bf3893c4dd6a1c6a5b72,383a38b3-ff64-11ef-9c58-005056c00003,o,"['mark', '3', '3']",1,0,qwen/qwen2.5-vl-72b-instruct:free,7.778099299990572,2025-03-12T17:07:04.242Z,"[['cell', '2', '3', 'b'], ['cell', '3', '1', 'b'], ['cell', '3', '2', 'b'], ['cell', '2', '2', 'x'], ['cell', '1', '1', 'o'], ['cell', '1', '2', 'x'], ['cell', '1', '3', 'o'], ['cell', '2', '1', 'x'], ['cell', '3', '3', 'o'], ['control', 'x']]"
67d1bf4293c4dd6a1c6a5b74,383a38b3-ff64-11ef-9c58-005056c00003,x,"['mark', '2', '3']",1,1,google/gemini-2.0-pro-exp-02-05:free,5.187931300024502,2025-03-12T17:07:14.955Z,"[['cell', '3', '1', 'b'], ['cell', '3', '2', 'b'], ['cell', '2', '2', 'x'], ['cell', '1', '1', 'o'], ['cell', '1', '2', 'x'], ['cell', '1', '3', 'o'], ['cell', '2', '1', 'x'], ['cell', '3', '3', 'o'], ['cell', '2', '3', 'x'], ['control', 'o']]"
67d1bf4e93c4dd6a1c6a5b76,383a38b3-ff64-11ef-9c58-005056c00003,o,"['mark', '2', '3']",0,1,qwen/qwen2.5-vl-72b-instruct:free,7.12264860002324,2025-03-12T17:07:26.202Z,"[['cell', '3', '1', 'b'], ['cell', '3', '2', 'b'], ['cell', '2', '2', 'x'], ['cell', '1', '1', 'o'], ['cell', '1', '2', 'x'], ['cell', '1', '3', 'o'], ['cell', '2', '1', 'x'], ['cell', '3', '3', 'o'], ['cell', '2', '3', 'x'], ['control', 'o']]"
67d1b7517a90dc3596adf4f7,ad52faeb-ff5f-11ef-b31e-005056c00003,x,"['mark', '2', '2']",1,0,google/gemini-2.0-flash-thinking-exp:free,4.522428600001149,2025-03-12T16:33:21.972Z,"[['cell', '1', '1', 'b'], ['cell', '1', '2', 'b'], ['cell', '1', '3', 'b'], ['cell', '2', '1', 'b'], ['cell', '2', '3', 'b'], ['cell', '3', '1', 'b'], ['cell', '3', '2', 'b'], ['cell', '3', '3', 'b'], ['cell', '2', '2', 'x'], ['control', 'o']]"
67d1b7577a90dc3596adf4f9,ad52faeb-ff5f-11ef-b31e-005056c00003,o,"['mark', '1', '1']",1,0,google/gemini-2.0-flash-lite-preview-02-05:free,2.713824999984354,2025-03-12T16:33:27.634Z,"[['cell', '1', '2', 'b'], ['cell', '1', '3', 'b'], ['cell', '2', '1', 'b'], ['cell', '2', '3', 'b'], ['cell', '3', '1', 'b'], ['cell', '3', '2', 'b'], ['cell', '3', '3', 'b'], ['cell', '2', '2', 'x'], ['cell', '1', '1', 'o'], ['control', 'x']]"
67d1b7667a90dc3596adf4fb,ad52faeb-ff5f-11ef-b31e-005056c00003,x,"['mark', '1', '2']",1,0,google/gemini-2.0-flash-thinking-exp:free,9.909355000010692,2025-03-12T16:33:42.629Z,"[['cell', '1', '3', 'b'], ['cell', '2', '1', 'b'], ['cell', '2', '3', 'b'], ['cell', '3', '1', 'b'], ['cell', '3', '2', 'b'], ['cell', '3', '3', 'b'], ['cell', '2', '2', 'x'], ['cell', '1', '1', 'o'], ['cell', '1', '2', 'x'], ['control', 'o']]"
67d1b76c7a90dc3596adf4fd,ad52faeb-ff5f-11ef-b31e-005056c00003,o,"['mark', '3', '3']",1,0,google/gemini-2.0-flash-lite-preview-02-05:free,2.571588799939491,2025-03-12T16:33:48.696Z,"[['cell', '1', '3', 'b'], ['cell', '2', '1', 'b'], ['cell', '2', '3', 'b'], ['cell', '3', '1', 'b'], ['cell', '3', '2', 'b'], ['cell', '2', '2', 'x'], ['cell', '1', '1', 'o'], ['cell', '1', '2', 'x'], ['cell', '3', '3', 'o'], ['control', 'x']]"
67d1b7787a90dc3596adf4ff,ad52faeb-ff5f-11ef-b31e-005056c00003,x,"['mark', '3', '2']",1,1,google/gemini-2.0-flash-thinking-exp:free,7.209975600009784,2025-03-12T16:34:00.070Z,"[['cell', '1', '3', 'b'], ['cell', '2', '1', 'b'], ['cell', '2', '3', 'b'], ['cell', '3', '1', 'b'], ['cell', '2', '2', 'x'], ['cell', '1', '1', 'o'], ['cell', '1', '2', 'x'], ['cell', '3', '3', 'o'], ['cell', '3', '2', 'x'], ['control', 'o']]"
67d1b77e7a90dc3596adf501,ad52faeb-ff5f-11ef-b31e-005056c00003,o,"['mark', '1', '3']",1,1,google/gemini-2.0-flash-lite-preview-02-05:free,3.211328999954276,2025-03-12T16:34:06.587Z,"[['cell', '2', '1', 'b'], ['cell', '2', '3', 'b'], ['cell', '3', '1', 'b'], ['cell', '2', '2', 'x'], ['cell', '1', '1', 'o'], ['cell', '1', '2', 'x'], ['cell', '3', '3', 'o'], ['cell', '3', '2', 'x'], ['cell', '1', '3', 'o'], ['control', 'x']]"
67d1ce693ed210ed0d1a59d2,75223d2b-ff6d-11ef-a7a1-005056c00003,x,"['mark', '2', '2']",1,0,google/gemini-2.0-flash-thinking-exp-1219:free,2.3691374000627548,2025-03-12T18:11:53.628Z,"[['cell', '1', '1', 'b'], ['cell', '1', '2', 'b'], ['cell', '1', '3', 'b'], ['cell', '2', '1', 'b'], ['cell', '2', '3', 'b'], ['cell', '3', '1', 'b'], ['cell', '3', '2', 'b'], ['cell', '3', '3', 'b'], ['cell', '2', '2', 'x'], ['control', 'o']]"
67d1ce6e3ed210ed0d1a59d4,75223d2b-ff6d-11ef-a7a1-005056c00003,o,"['mark', '1', '1']",1,0,gpt-4o,0.7738185999915004,2025-03-12T18:11:58.182Z,"[['cell', '1', '2', 'b'], ['cell', '1', '3', 'b'], ['cell', '2', '1', 'b'], ['cell', '2', '3', 'b'], ['cell', '3', '1', 'b'], ['cell', '3', '2', 'b'], ['cell', '3', '3', 'b'], ['cell', '2', '2', 'x'], ['cell', '1', '1', 'o'], ['control', 'x']]"
67d1ce7f3ed210ed0d1a59d6,75223d2b-ff6d-11ef-a7a1-005056c00003,x,"['mark', '1', '2']",1,0,google/gemini-2.0-flash-thinking-exp-1219:free,12.877060600090772,2025-03-12T18:12:15.486Z,"[['cell', '1', '3', 'b'], ['cell', '2', '1', 'b'], ['cell', '2', '3', 'b'], ['cell', '3', '1', 'b'], ['cell', '3', '2', 'b'], ['cell', '3', '3', 'b'], ['cell', '2', '2', 'x'], ['cell', '1', '1', 'o'], ['cell', '1', '2', 'x'], ['control', 'o']]"
67d1ce853ed210ed0d1a59d8,75223d2b-ff6d-11ef-a7a1-005056c00003,o,"['MOVE OR STEP with this format [""mark"",""M"",""N""] - list format in python']",0,0,gpt-4o,0.758307799929753,2025-03-12T18:12:21.418Z,"[['cell', '1', '3', 'b'], ['cell', '2', '1', 'b'], ['cell', '2', '3', 'b'], ['cell', '3', '1', 'b'], ['cell', '3', '2', 'b'], ['cell', '3', '3', 'b'], ['cell', '2', '2', 'x'], ['cell', '1', '1', 'o'], ['cell', '1', '2', 'x'], ['control', 'o']]"
67d1ce8c3ed210ed0d1a59da,75223d2b-ff6d-11ef-a7a1-005056c00003,o,"['mark', '2', '1']",1,0,gpt-4o,3.1428498999448493,2025-03-12T18:12:28.717Z,"[['cell', '1', '3', 'b'], ['cell', '2', '3', 'b'], ['cell', '3', '1', 'b'], ['cell', '3', '2', 'b'], ['cell', '3', '3', 'b'], ['cell', '2', '2', 'x'], ['cell', '1', '1', 'o'], ['cell', '1', '2', 'x'], ['cell', '2', '1', 'o'], ['control', 'x']]"
67d1ce953ed210ed0d1a59dc,75223d2b-ff6d-11ef-a7a1-005056c00003,x,"['mark', '3', '2']",1,1,google/gemini-2.0-flash-thinking-exp-1219:free,5.32123700005468,2025-03-12T18:12:37.086Z,"[['cell', '1', '3', 'b'], ['cell', '2', '3', 'b'], ['cell', '3', '1', 'b'], ['cell', '3', '3', 'b'], ['cell', '2', '2', 'x'], ['cell', '1', '1', 'o'], ['cell', '1', '2', 'x'], ['cell', '2', '1', 'o'], ['cell', '3', '2', 'x'], ['control', 'o']]"
67d1ce9a3ed210ed0d1a59de,75223d2b-ff6d-11ef-a7a1-005056c00003,o,"['mark', '3', '1']",1,1,gpt-4o,2.134348699939437,2025-03-12T18:12:42.017Z,"[['cell', '1', '3', 'b'], ['cell', '2', '3', 'b'], ['cell', '3', '3', 'b'], ['cell', '2', '2', 'x'], ['cell', '1', '1', 'o'], ['cell', '1', '2', 'x'], ['cell', '2', '1', 'o'], ['cell', '3', '2', 'x'], ['cell', '3', '1', 'o'], ['control', 'x']]"
67cf16ac8a3f0d2a817b59a4,c487ccca-fdce-11ef-bde8-005056c00003,x,"['mark', '2', '2']",1,0,google/gemini-2.0-flash-exp:free,3.3938014999730512,2025-03-10T16:43:24.221Z,"[['cell', '1', '1', 'b'], ['cell', '1', '2', 'b'], ['cell', '1', '3', 'b'], ['cell', '2', '1', 'b'], ['cell', '2', '3', 'b'], ['cell', '3', '1', 'b'], ['cell', '3', '2', 'b'], ['cell', '3', '3', 'b'], ['cell', '2', '2', 'x'], ['control', 'o']]"
67cf16b78a3f0d2a817b59a6,c487ccca-fdce-11ef-bde8-005056c00003,o,"['mark', '1', '1']",1,0,o3-mini,7.531804399972316,2025-03-10T16:43:35.306Z,"[['cell', '1', '2', 'b'], ['cell', '1', '3', 'b'], ['cell', '2', '1', 'b'], ['cell', '2', '3', 'b'], ['cell', '3', '1', 'b'], ['cell', '3', '2', 'b'], ['cell', '3', '3', 'b'], ['cell', '2', '2', 'x'], ['cell', '1', '1', 'o'], ['control', 'x']]"
67cf16be8a3f0d2a817b59a8,c487ccca-fdce-11ef-bde8-005056c00003,x,"['mark', '1', '3']",1,0,google/gemini-2.0-flash-exp:free,3.55244960001437,2025-03-10T16:43:42.449Z,"[['cell', '1', '2', 'b'], ['cell', '2', '1', 'b'], ['cell', '2', '3', 'b'], ['cell', '3', '1', 'b'], ['cell', '3', '2', 'b'], ['cell', '3', '3', 'b'], ['cell', '2', '2', 'x'], ['cell', '1', '1', 'o'], ['cell', '1', '3', 'x'], ['control', 'o']]"
67cf16d08a3f0d2a817b59aa,c487ccca-fdce-11ef-bde8-005056c00003,o,"['mark', '3', '1']",1,0,o3-mini,12.848298299999442,2025-03-10T16:44:00.178Z,"[['cell', '1', '2', 'b'], ['cell', '2', '1', 'b'], ['cell', '2', '3', 'b'], ['cell', '3', '2', 'b'], ['cell', '3', '3', 'b'], ['cell', '2', '2', 'x'], ['cell', '1', '1', 'o'], ['cell', '1', '3', 'x'], ['cell', '3', '1', 'o'], ['control', 'x']]"
67cf16d88a3f0d2a817b59ac,c487ccca-fdce-11ef-bde8-005056c00003,x,"['mark', '1', '2']",1,0,google/gemini-2.0-flash-exp:free,2.6512347000534646,2025-03-10T16:44:08.827Z,"[['cell', '2', '1', 'b'], ['cell', '2', '3', 'b'], ['cell', '3', '2', 'b'], ['cell', '3', '3', 'b'], ['cell', '2', '2', 'x'], ['cell', '1', '1', 'o'], ['cell', '1', '3', 'x'], ['cell', '3', '1', 'o'], ['cell', '1', '2', 'x'], ['control', 'o']]"
67cf16e98a3f0d2a817b59ae,c487ccca-fdce-11ef-bde8-005056c00003,o,"['mark', '3', '2']",1,0,o3-mini,12.643727999995463,2025-03-10T16:44:25.645Z,"[['cell', '2', '1', 'b'], ['cell', '2', '3', 'b'], ['cell', '3', '3', 'b'], ['cell', '2', '2', 'x'], ['cell', '1', '1', 'o'], ['cell', '1', '3', 'x'], ['cell', '3', '1', 'o'], ['cell', '1', '2', 'x'], ['cell', '3', '2', 'o'], ['control', 'x']]"
67cf16f18a3f0d2a817b59b0,c487ccca-fdce-11ef-bde8-005056c00003,x,"['mark', '3', '3']",1,0,google/gemini-2.0-flash-exp:free,2.8051310000009835,2025-03-10T16:44:33.255Z,"[['cell', '2', '1', 'b'], ['cell', '2', '3', 'b'], ['cell', '2', '2', 'x'], ['cell', '1', '1', 'o'], ['cell', '1', '3', 'x'], ['cell', '3', '1', 'o'], ['cell', '1', '2', 'x'], ['cell', '3', '2', 'o'], ['cell', '3', '3', 'x'], ['control', 'o']]"
67cf17038a3f0d2a817b59b2,c487ccca-fdce-11ef-bde8-005056c00003,o,"['mark', '2', '3']",1,0,o3-mini,12.778628700005356,2025-03-10T16:44:51.252Z,"[['cell', '2', '1', 'b'], ['cell', '2', '2', 'x'], ['cell', '1', '1', 'o'], ['cell', '1', '3', 'x'], ['cell', '3', '1', 'o'], ['cell', '1', '2', 'x'], ['cell', '3', '2', 'o'], ['cell', '3', '3', 'x'], ['cell', '2', '3', 'o'], ['control', 'x']]"
67cf170b8a3f0d2a817b59b4,c487ccca-fdce-11ef-bde8-005056c00003,x,"['mark', '2', '1']",1,1,google/gemini-2.0-flash-exp:free,4.40168700000504,2025-03-10T16:44:59.934Z,"[['cell', '2', '2', 'x'], ['cell', '1', '1', 'o'], ['cell', '1', '3', 'x'], ['cell', '3', '1', 'o'], ['cell', '1', '2', 'x'], ['cell', '3', '2', 'o'], ['cell', '3', '3', 'x'], ['cell', '2', '3', 'o'], ['cell', '2', '1', 'x'], ['control', 'o']]"
67cf17238a3f0d2a817b59b6,c487ccca-fdce-11ef-bde8-005056c00003,o,"['[""none"", ""X"", ""Y""]']",0,1,o3-mini,18.484175199992023,2025-03-10T16:45:23.464Z,"[['cell', '2', '2', 'x'], ['cell', '1', '1', 'o'], ['cell', '1', '3', 'x'], ['cell', '3', '1', 'o'], ['cell', '1', '2', 'x'], ['cell', '3', '2', 'o'], ['cell', '3', '3', 'x'], ['cell', '2', '3', 'o'], ['cell', '2', '1', 'x'], ['control', 'o']]"
67d1bc93980415c28d7e0032,d326afbc-ff62-11ef-8dd1-005056c00003,x,"['mark', '2', '2']",1,0,google/gemini-exp-1206:free,5.5164846000261605,2025-03-12T16:55:47.917Z,"[['cell', '1', '1', 'b'], ['cell', '1', '2', 'b'], ['cell', '1', '3', 'b'], ['cell', '2', '1', 'b'], ['cell', '2', '3', 'b'], ['cell', '3', '1', 'b'], ['cell', '3', '2', 'b'], ['cell', '3', '3', 'b'], ['cell', '2', '2', 'x'], ['control', 'o']]"
67d1bcae980415c28d7e0034,d326afbc-ff62-11ef-8dd1-005056c00003,o,['No move or step is provided in the text.'],0,0,deepseek/deepseek-r1-distill-llama-70b:free,22.8961470000213,2025-03-12T16:56:14.652Z,"[['cell', '1', '1', 'b'], ['cell', '1', '2', 'b'], ['cell', '1', '3', 'b'], ['cell', '2', '1', 'b'], ['cell', '2', '3', 'b'], ['cell', '3', '1', 'b'], ['cell', '3', '2', 'b'], ['cell', '3', '3', 'b'], ['cell', '2', '2', 'x'], ['control', 'o']]"
67d1bcbe980415c28d7e0036,d326afbc-ff62-11ef-8dd1-005056c00003,o,"['mark', '2', '2']",0,0,deepseek/deepseek-r1-distill-llama-70b:free,11.757971600047313,2025-03-12T16:56:30.750Z,"[['cell', '1', '1', 'b'], ['cell', '1', '2', 'b'], ['cell', '1', '3', 'b'], ['cell', '2', '1', 'b'], ['cell', '2', '3', 'b'], ['cell', '3', '1', 'b'], ['cell', '3', '2', 'b'], ['cell', '3', '3', 'b'], ['cell', '2', '2', 'x'], ['control', 'o']]"
67d1bce2980415c28d7e0038,d326afbc-ff62-11ef-8dd1-005056c00003,o,"['mark', '1', '1']",1,0,deepseek/deepseek-r1-distill-llama-70b:free,30.20384909992572,2025-03-12T16:57:06.657Z,"[['cell', '1', '2', 'b'], ['cell', '1', '3', 'b'], ['cell', '2', '1', 'b'], ['cell', '2', '3', 'b'], ['cell', '3', '1', 'b'], ['cell', '3', '2', 'b'], ['cell', '3', '3', 'b'], ['cell', '2', '2', 'x'], ['cell', '1', '1', 'o'], ['control', 'x']]"
67d1bcef980415c28d7e003a,d326afbc-ff62-11ef-8dd1-005056c00003,x,"['mark', '1', '3']",1,0,google/gemini-exp-1206:free,6.970356299891137,2025-03-12T16:57:19.656Z,"[['cell', '1', '2', 'b'], ['cell', '2', '1', 'b'], ['cell', '2', '3', 'b'], ['cell', '3', '1', 'b'], ['cell', '3', '2', 'b'], ['cell', '3', '3', 'b'], ['cell', '2', '2', 'x'], ['cell', '1', '1', 'o'], ['cell', '1', '3', 'x'], ['control', 'o']]"
67d1bd11980415c28d7e003c,d326afbc-ff62-11ef-8dd1-005056c00003,o,"['mark', '1', '3']",0,0,deepseek/deepseek-r1-distill-llama-70b:free,30.222268100013025,2025-03-12T16:57:53.823Z,"[['cell', '1', '2', 'b'], ['cell', '2', '1', 'b'], ['cell', '2', '3', 'b'], ['cell', '3', '1', 'b'], ['cell', '3', '2', 'b'], ['cell', '3', '3', 'b'], ['cell', '2', '2', 'x'], ['cell', '1', '1', 'o'], ['cell', '1', '3', 'x'], ['control', 'o']]"
67d1bd1c980415c28d7e003e,d326afbc-ff62-11ef-8dd1-005056c00003,o,"[""Please provide the move in the format ['mark','M','N']""]",0,0,deepseek/deepseek-r1-distill-llama-70b:free,6.135765100014396,2025-03-12T16:58:04.474Z,"[['cell', '1', '2', 'b'], ['cell', '2', '1', 'b'], ['cell', '2', '3', 'b'], ['cell', '3', '1', 'b'], ['cell', '3', '2', 'b'], ['cell', '3', '3', 'b'], ['cell', '2', '2', 'x'], ['cell', '1', '1', 'o'], ['cell', '1', '3', 'x'], ['control', 'o']]"
67d1bd35980415c28d7e0040,d326afbc-ff62-11ef-8dd1-005056c00003,o,"['mark', '2', '2']",0,0,deepseek/deepseek-r1-distill-llama-70b:free,18.19555050006602,2025-03-12T16:58:29.046Z,"[['cell', '1', '2', 'b'], ['cell', '2', '1', 'b'], ['cell', '2', '3', 'b'], ['cell', '3', '1', 'b'], ['cell', '3', '2', 'b'], ['cell', '3', '3', 'b'], ['cell', '2', '2', 'x'], ['cell', '1', '1', 'o'], ['cell', '1', '3', 'x'], ['control', 'o']]"
67d1bd61980415c28d7e0042,d326afbc-ff62-11ef-8dd1-005056c00003,o,"['mark', '1', '2']",1,0,deepseek/deepseek-r1-distill-llama-70b:free,39.61202489992138,2025-03-12T16:59:13.917Z,"[['cell', '2', '1', 'b'], ['cell', '2', '3', 'b'], ['cell', '3', '1', 'b'], ['cell', '3', '2', 'b'], ['cell', '3', '3', 'b'], ['cell', '2', '2', 'x'], ['cell', '1', '1', 'o'], ['cell', '1', '3', 'x'], ['cell', '1', '2', 'o'], ['control', 'x']]"
67d1bd69980415c28d7e0044,d326afbc-ff62-11ef-8dd1-005056c00003,x,"['mark', '3', '3']",1,0,google/gemini-exp-1206:free,2.7308814000571147,2025-03-12T16:59:21.293Z,"[['cell', '2', '1', 'b'], ['cell', '2', '3', 'b'], ['cell', '3', '1', 'b'], ['cell', '3', '2', 'b'], ['cell', '2', '2', 'x'], ['cell', '1', '1', 'o'], ['cell', '1', '3', 'x'], ['cell', '1', '2', 'o'], ['cell', '3', '3', 'x'], ['control', 'o']]"
67d1bd75980415c28d7e0046,d326afbc-ff62-11ef-8dd1-005056c00003,o,"['mark', '3', '1']",1,0,deepseek/deepseek-r1-distill-llama-70b:free,6.461495999945328,2025-03-12T16:59:33.917Z,"[['cell', '2', '1', 'b'], ['cell', '2', '3', 'b'], ['cell', '3', '2', 'b'], ['cell', '2', '2', 'x'], ['cell', '1', '1', 'o'], ['cell', '1', '3', 'x'], ['cell', '1', '2', 'o'], ['cell', '3', '3', 'x'], ['cell', '3', '1', 'o'], ['control', 'x']]"
67d1bd7f980415c28d7e0048,d326afbc-ff62-11ef-8dd1-005056c00003,x,"['mark', '2', '3']",1,1,google/gemini-exp-1206:free,4.716029100003652,2025-03-12T16:59:43.233Z,"[['cell', '2', '1', 'b'], ['cell', '3', '2', 'b'], ['cell', '2', '2', 'x'], ['cell', '1', '1', 'o'], ['cell', '1', '3', 'x'], ['cell', '1', '2', 'o'], ['cell', '3', '3', 'x'], ['cell', '3', '1', 'o'], ['cell', '2', '3', 'x'], ['control', 'o']]"
67d1bd90980415c28d7e004a,d326afbc-ff62-11ef-8dd1-005056c00003,o,"['mark', '2', '3']",0,1,deepseek/deepseek-r1-distill-llama-70b:free,12.700818000012077,2025-03-12T17:00:00.234Z,"[['cell', '2', '1', 'b'], ['cell', '3', '2', 'b'], ['cell', '2', '2', 'x'], ['cell', '1', '1', 'o'], ['cell', '1', '3', 'x'], ['cell', '1', '2', 'o'], ['cell', '3', '3', 'x'], ['cell', '3', '1', 'o'], ['cell', '2', '3', 'x'], ['control', 'o']]"
67d1be249b9c203e4bc476e1,c2208148-ff63-11ef-9415-005056c00003,x,"['mark', '1', '1']",1,0,google/learnlm-1.5-pro-experimental:free,4.322054999996908,2025-03-12T17:02:28.903Z,"[['cell', '1', '2', 'b'], ['cell', '1', '3', 'b'], ['cell', '2', '1', 'b'], ['cell', '2', '2', 'b'], ['cell', '2', '3', 'b'], ['cell', '3', '1', 'b'], ['cell', '3', '2', 'b'], ['cell', '3', '3', 'b'], ['cell', '1', '1', 'x'], ['control', 'o']]"
67d1be349b9c203e4bc476e3,c2208148-ff63-11ef-9415-005056c00003,o,"['mark', '2', '2']",1,0,deepseek/deepseek-r1:free,10.958489699987695,2025-03-12T17:02:44.569Z,"[['cell', '1', '2', 'b'], ['cell', '1', '3', 'b'], ['cell', '2', '1', 'b'], ['cell', '2', '3', 'b'], ['cell', '3', '1', 'b'], ['cell', '3', '2', 'b'], ['cell', '3', '3', 'b'], ['cell', '1', '1', 'x'], ['cell', '2', '2', 'o'], ['control', 'x']]"
67d1be3c9b9c203e4bc476e5,c2208148-ff63-11ef-9415-005056c00003,x,"['mark', '1', '3']",1,0,google/learnlm-1.5-pro-experimental:free,2.798501499928534,2025-03-12T17:02:52.127Z,"[['cell', '1', '2', 'b'], ['cell', '2', '1', 'b'], ['cell', '2', '3', 'b'], ['cell', '3', '1', 'b'], ['cell', '3', '2', 'b'], ['cell', '3', '3', 'b'], ['cell', '1', '1', 'x'], ['cell', '2', '2', 'o'], ['cell', '1', '3', 'x'], ['control', 'o']]"
67d1be6b9b9c203e4bc476e7,c2208148-ff63-11ef-9415-005056c00003,o,"['mark', '1', '2']",1,0,deepseek/deepseek-r1:free,42.37115589994937,2025-03-12T17:03:39.836Z,"[['cell', '2', '1', 'b'], ['cell', '2', '3', 'b'], ['cell', '3', '1', 'b'], ['cell', '3', '2', 'b'], ['cell', '3', '3', 'b'], ['cell', '1', '1', 'x'], ['cell', '2', '2', 'o'], ['cell', '1', '3', 'x'], ['cell', '1', '2', 'o'], ['control', 'x']]"
67d1be749b9c203e4bc476e9,c2208148-ff63-11ef-9415-005056c00003,x,"['mark', '3', '1']",1,0,google/learnlm-1.5-pro-experimental:free,3.4490451999008656,2025-03-12T17:03:48.003Z,"[['cell', '2', '1', 'b'], ['cell', '2', '3', 'b'], ['cell', '3', '2', 'b'], ['cell', '3', '3', 'b'], ['cell', '1', '1', 'x'], ['cell', '2', '2', 'o'], ['cell', '1', '3', 'x'], ['cell', '1', '2', 'o'], ['cell', '3', '1', 'x'], ['control', 'o']]"
67d1bea19b9c203e4bc476eb,c2208148-ff63-11ef-9415-005056c00003,o,"['mark', '3', '2']",1,1,deepseek/deepseek-r1:free,39.52214629994705,2025-03-12T17:04:33.284Z,"[['cell', '2', '1', 'b'], ['cell', '2', '3', 'b'], ['cell', '3', '3', 'b'], ['cell', '1', '1', 'x'], ['cell', '2', '2', 'o'], ['cell', '1', '3', 'x'], ['cell', '1', '2', 'o'], ['cell', '3', '1', 'x'], ['cell', '3', '2', 'o'], ['control', 'x']]"
67d1bea99b9c203e4bc476ed,c2208148-ff63-11ef-9415-005056c00003,x,"['mark', '2', '1']",1,1,google/learnlm-1.5-pro-experimental:free,3.918436700012535,2025-03-12T17:04:41.322Z,"[['cell', '2', '3', 'b'], ['cell', '3', '3', 'b'], ['cell', '1', '1', 'x'], ['cell', '2', '2', 'o'], ['cell', '1', '3', 'x'], ['cell', '1', '2', 'o'], ['cell', '3', '1', 'x'], ['cell', '3', '2', 'o'], ['cell', '2', '1', 'x'], ['control', 'o']]"
67cf0fe987cda1d2397e005a,beba5c1c-fdca-11ef-bd39-005056c00003,x,"['mark', '1', '1']",1,0,gpt-3.5-turbo-0125,1.697057000012137,2025-03-10T16:14:33.460Z,"[['cell', '1', '2', 'b'], ['cell', '1', '3', 'b'], ['cell', '2', '1', 'b'], ['cell', '2', '2', 'b'], ['cell', '2', '3', 'b'], ['cell', '3', '1', 'b'], ['cell', '3', '2', 'b'], ['cell', '3', '3', 'b'], ['cell', '1', '1', 'x'], ['control', 'o']]"
67cf100487cda1d2397e005c,beba5c1c-fdca-11ef-bd39-005056c00003,o,"['mark', '2', '3']",1,0,cognitivecomputations/dolphin3.0-r1-mistral-24b:free,22.01692040002672,2025-03-10T16:15:00.571Z,"[['cell', '1', '2', 'b'], ['cell', '1', '3', 'b'], ['cell', '2', '1', 'b'], ['cell', '2', '2', 'b'], ['cell', '3', '1', 'b'], ['cell', '3', '2', 'b'], ['cell', '3', '3', 'b'], ['cell', '1', '1', 'x'], ['cell', '2', '3', 'o'], ['control', 'x']]"
67cf100a87cda1d2397e005e,beba5c1c-fdca-11ef-bd39-005056c00003,x,"['mark', '3', '3']",1,0,gpt-3.5-turbo-0125,1.383861300011631,2025-03-10T16:15:06.287Z,"[['cell', '1', '2', 'b'], ['cell', '1', '3', 'b'], ['cell', '2', '1', 'b'], ['cell', '2', '2', 'b'], ['cell', '3', '1', 'b'], ['cell', '3', '2', 'b'], ['cell', '1', '1', 'x'], ['cell', '2', '3', 'o'], ['cell', '3', '3', 'x'], ['control', 'o']]"
67cf102587cda1d2397e0060,beba5c1c-fdca-11ef-bd39-005056c00003,o,"['mark', '2', '2']",1,0,cognitivecomputations/dolphin3.0-r1-mistral-24b:free,22.918441399990115,2025-03-10T16:15:33.363Z,"[['cell', '1', '2', 'b'], ['cell', '1', '3', 'b'], ['cell', '2', '1', 'b'], ['cell', '3', '1', 'b'], ['cell', '3', '2', 'b'], ['cell', '1', '1', 'x'], ['cell', '2', '3', 'o'], ['cell', '3', '3', 'x'], ['cell', '2', '2', 'o'], ['control', 'x']]"
67cf102a87cda1d2397e0062,beba5c1c-fdca-11ef-bd39-005056c00003,x,"['mark', '1', '3']",1,0,gpt-3.5-turbo-0125,1.100002899998799,2025-03-10T16:15:38.087Z,"[['cell', '1', '2', 'b'], ['cell', '2', '1', 'b'], ['cell', '3', '1', 'b'], ['cell', '3', '2', 'b'], ['cell', '1', '1', 'x'], ['cell', '2', '3', 'o'], ['cell', '3', '3', 'x'], ['cell', '2', '2', 'o'], ['cell', '1', '3', 'x'], ['control', 'o']]"
67cf104387cda1d2397e0064,beba5c1c-fdca-11ef-bd39-005056c00003,o,"['mark', '3', '2']",1,0,cognitivecomputations/dolphin3.0-r1-mistral-24b:free,21.488206800015178,2025-03-10T16:16:03.941Z,"[['cell', '1', '2', 'b'], ['cell', '2', '1', 'b'], ['cell', '3', '1', 'b'], ['cell', '1', '1', 'x'], ['cell', '2', '3', 'o'], ['cell', '3', '3', 'x'], ['cell', '2', '2', 'o'], ['cell', '1', '3', 'x'], ['cell', '3', '2', 'o'], ['control', 'x']]"
67cf105287cda1d2397e0066,beba5c1c-fdca-11ef-bd39-005056c00003,x,"['mark', '1', '2']",1,1,gpt-3.5-turbo-0125,9.55636930000037,2025-03-10T16:16:18.175Z,"[['cell', '2', '1', 'b'], ['cell', '3', '1', 'b'], ['cell', '1', '1', 'x'], ['cell', '2', '3', 'o'], ['cell', '3', '3', 'x'], ['cell', '2', '2', 'o'], ['cell', '1', '3', 'x'], ['cell', '3', '2', 'o'], ['cell', '1', '2', 'x'], ['control', 'o']]"
67cf10b887cda1d2397e0068,beba5c1c-fdca-11ef-bd39-005056c00003,o,"['mark', '3', '1']",1,1,cognitivecomputations/dolphin3.0-r1-mistral-24b:free,96.8105271999957,2025-03-10T16:18:00.739Z,"[['cell', '2', '1', 'b'], ['cell', '1', '1', 'x'], ['cell', '2', '3', 'o'], ['cell', '3', '3', 'x'], ['cell', '2', '2', 'o'], ['cell', '1', '3', 'x'], ['cell', '3', '2', 'o'], ['cell', '1', '2', 'x'], ['cell', '3', '1', 'o'], ['control', 'x']]"
67d1d0d90c124cd48a43f28f,e915826f-ff6e-11ef-802d-005056c00003,x,"['mark', '1', '1']",1,0,gpt-4o,4.893496000091545,2025-03-12T18:22:17.246Z,"[['cell', '1', '2', 'b'], ['cell', '1', '3', 'b'], ['cell', '2', '1', 'b'], ['cell', '2', '2', 'b'], ['cell', '2', '3', 'b'], ['cell', '3', '1', 'b'], ['cell', '3', '2', 'b'], ['cell', '3', '3', 'b'], ['cell', '1', '1', 'x'], ['control', 'o']]"
67d1d0e30c124cd48a43f291,e915826f-ff6e-11ef-802d-005056c00003,o,"['mark', '2', '2']",1,0,google/gemini-2.0-flash-thinking-exp-1219:free,4.703051000018604,2025-03-12T18:22:27.146Z,"[['cell', '1', '2', 'b'], ['cell', '1', '3', 'b'], ['cell', '2', '1', 'b'], ['cell', '2', '3', 'b'], ['cell', '3', '1', 'b'], ['cell', '3', '2', 'b'], ['cell', '3', '3', 'b'], ['cell', '1', '1', 'x'], ['cell', '2', '2', 'o'], ['control', 'x']]"
67d1d0e90c124cd48a43f293,e915826f-ff6e-11ef-802d-005056c00003,x,"['mark', '1', '2']",1,0,gpt-4o,2.319152500014752,2025-03-12T18:22:33.054Z,"[['cell', '1', '3', 'b'], ['cell', '2', '1', 'b'], ['cell', '2', '3', 'b'], ['cell', '3', '1', 'b'], ['cell', '3', '2', 'b'], ['cell', '3', '3', 'b'], ['cell', '1', '1', 'x'], ['cell', '2', '2', 'o'], ['cell', '1', '2', 'x'], ['control', 'o']]"
67d1d0f00c124cd48a43f295,e915826f-ff6e-11ef-802d-005056c00003,o,"['mark', '1', '3']",1,0,google/gemini-2.0-flash-thinking-exp-1219:free,3.838996300008148,2025-03-12T18:22:40.756Z,"[['cell', '2', '1', 'b'], ['cell', '2', '3', 'b'], ['cell', '3', '1', 'b'], ['cell', '3', '2', 'b'], ['cell', '3', '3', 'b'], ['cell', '1', '1', 'x'], ['cell', '2', '2', 'o'], ['cell', '1', '2', 'x'], ['cell', '1', '3', 'o'], ['control', 'x']]"
67d1d0f70c124cd48a43f297,e915826f-ff6e-11ef-802d-005056c00003,x,"['mark', '2', '1']",1,0,gpt-4o,2.656374300015159,2025-03-12T18:22:47.486Z,"[['cell', '2', '3', 'b'], ['cell', '3', '1', 'b'], ['cell', '3', '2', 'b'], ['cell', '3', '3', 'b'], ['cell', '1', '1', 'x'], ['cell', '2', '2', 'o'], ['cell', '1', '2', 'x'], ['cell', '1', '3', 'o'], ['cell', '2', '1', 'x'], ['control', 'o']]"
67d1d0ff0c124cd48a43f299,e915826f-ff6e-11ef-802d-005056c00003,o,"['mark', '3', '1']",1,1,google/gemini-2.0-flash-thinking-exp-1219:free,3.888277000049129,2025-03-12T18:22:55.613Z,"[['cell', '2', '3', 'b'], ['cell', '3', '2', 'b'], ['cell', '3', '3', 'b'], ['cell', '1', '1', 'x'], ['cell', '2', '2', 'o'], ['cell', '1', '2', 'x'], ['cell', '1', '3', 'o'], ['cell', '2', '1', 'x'], ['cell', '3', '1', 'o'], ['control', 'x']]"
67d1d1050c124cd48a43f29b,e915826f-ff6e-11ef-802d-005056c00003,x,"['mark', '2', '3']",1,1,gpt-4o,1.731478999950923,2025-03-12T18:23:01.848Z,"[['cell', '3', '2', 'b'], ['cell', '3', '3', 'b'], ['cell', '1', '1', 'x'], ['cell', '2', '2', 'o'], ['cell', '1', '2', 'x'], ['cell', '1', '3', 'o'], ['cell', '2', '1', 'x'], ['cell', '3', '1', 'o'], ['cell', '2', '3', 'x'], ['control', 'o']]"
67d1cf864d2a8eb35e5622f1,1f8e24e5-ff6e-11ef-8993-005056c00003,x,"['mark', '2', '2']",1,0,o1-mini,4.852636700030416,2025-03-12T18:16:38.131Z,"[['cell', '1', '1', 'b'], ['cell', '1', '2', 'b'], ['cell', '1', '3', 'b'], ['cell', '2', '1', 'b'], ['cell', '2', '3', 'b'], ['cell', '3', '1', 'b'], ['cell', '3', '2', 'b'], ['cell', '3', '3', 'b'], ['cell', '2', '2', 'x'], ['control', 'o']]"
67d1cf8c4d2a8eb35e5622f3,1f8e24e5-ff6e-11ef-8993-005056c00003,o,"['mark', '1', '1']",1,0,meta-llama/llama-3.3-70b-instruct:free,3.060272999922745,2025-03-12T18:16:44.266Z,"[['cell', '1', '2', 'b'], ['cell', '1', '3', 'b'], ['cell', '2', '1', 'b'], ['cell', '2', '3', 'b'], ['cell', '3', '1', 'b'], ['cell', '3', '2', 'b'], ['cell', '3', '3', 'b'], ['cell', '2', '2', 'x'], ['cell', '1', '1', 'o'], ['control', 'x']]"
67d1cf9c4d2a8eb35e5622f5,1f8e24e5-ff6e-11ef-8993-005056c00003,x,"['mark', '3', '3']",1,0,o1-mini,12.685750799952075,2025-03-12T18:17:00.757Z,"[['cell', '1', '2', 'b'], ['cell', '1', '3', 'b'], ['cell', '2', '1', 'b'], ['cell', '2', '3', 'b'], ['cell', '3', '1', 'b'], ['cell', '3', '2', 'b'], ['cell', '2', '2', 'x'], ['cell', '1', '1', 'o'], ['cell', '3', '3', 'x'], ['control', 'o']]"
67d1cfa44d2a8eb35e5622f7,1f8e24e5-ff6e-11ef-8993-005056c00003,o,"['mark', '1', '2']",1,0,meta-llama/llama-3.3-70b-instruct:free,3.0033855999354273,2025-03-12T18:17:08.356Z,"[['cell', '1', '3', 'b'], ['cell', '2', '1', 'b'], ['cell', '2', '3', 'b'], ['cell', '3', '1', 'b'], ['cell', '3', '2', 'b'], ['cell', '2', '2', 'x'], ['cell', '1', '1', 'o'], ['cell', '3', '3', 'x'], ['cell', '1', '2', 'o'], ['control', 'x']]"
67d1cfb84d2a8eb35e5622f9,1f8e24e5-ff6e-11ef-8993-005056c00003,x,"['mark', '1', '3']",1,0,o1-mini,17.327048699953593,2025-03-12T18:17:28.694Z,"[['cell', '2', '1', 'b'], ['cell', '2', '3', 'b'], ['cell', '3', '1', 'b'], ['cell', '3', '2', 'b'], ['cell', '2', '2', 'x'], ['cell', '1', '1', 'o'], ['cell', '3', '3', 'x'], ['cell', '1', '2', 'o'], ['cell', '1', '3', 'x'], ['control', 'o']]"
67d1cfbe4d2a8eb35e5622fb,1f8e24e5-ff6e-11ef-8993-005056c00003,o,"['mark', '2', '1']",1,0,meta-llama/llama-3.3-70b-instruct:free,2.1101275999099016,2025-03-12T18:17:34.496Z,"[['cell', '2', '3', 'b'], ['cell', '3', '1', 'b'], ['cell', '3', '2', 'b'], ['cell', '2', '2', 'x'], ['cell', '1', '1', 'o'], ['cell', '3', '3', 'x'], ['cell', '1', '2', 'o'], ['cell', '1', '3', 'x'], ['cell', '2', '1', 'o'], ['control', 'x']]"
67d1cfc84d2a8eb35e5622fd,1f8e24e5-ff6e-11ef-8993-005056c00003,x,"['mark', '2', '3']",1,1,o1-mini,7.237651300034486,2025-03-12T18:17:44.398Z,"[['cell', '3', '1', 'b'], ['cell', '3', '2', 'b'], ['cell', '2', '2', 'x'], ['cell', '1', '1', 'o'], ['cell', '3', '3', 'x'], ['cell', '1', '2', 'o'], ['cell', '1', '3', 'x'], ['cell', '2', '1', 'o'], ['cell', '2', '3', 'x'], ['control', 'o']]"
67d1cfd04d2a8eb35e5622ff,1f8e24e5-ff6e-11ef-8993-005056c00003,o,"['MOVE OR STEP with this format [""mark"",""M"",""N""] - list format in python']",0,1,meta-llama/llama-3.3-70b-instruct:free,2.7036457000067458,2025-03-12T18:17:52.116Z,"[['cell', '3', '1', 'b'], ['cell', '3', '2', 'b'], ['cell', '2', '2', 'x'], ['cell', '1', '1', 'o'], ['cell', '3', '3', 'x'], ['cell', '1', '2', 'o'], ['cell', '1', '3', 'x'], ['cell', '2', '1', 'o'], ['cell', '2', '3', 'x'], ['control', 'o']]"
67d1bf8cfe5bb626e7bb64b7,9972cadd-ff64-11ef-be43-005056c00003,x,"['mark', '2', '2']",1,0,cognitivecomputations/dolphin3.0-mistral-24b:free,4.352401199983433,2025-03-12T17:08:28.682Z,"[['cell', '1', '1', 'b'], ['cell', '1', '2', 'b'], ['cell', '1', '3', 'b'], ['cell', '2', '1', 'b'], ['cell', '2', '3', 'b'], ['cell', '3', '1', 'b'], ['cell', '3', '2', 'b'], ['cell', '3', '3', 'b'], ['cell', '2', '2', 'x'], ['control', 'o']]"
67d1bf95fe5bb626e7bb64b9,9972cadd-ff64-11ef-be43-005056c00003,o,"['o', '0', '0']",0,0,mistralai/mistral-small-24b-instruct-2501:free,2.15947270009201,2025-03-12T17:08:37.222Z,"[['cell', '1', '1', 'b'], ['cell', '1', '2', 'b'], ['cell', '1', '3', 'b'], ['cell', '2', '1', 'b'], ['cell', '2', '3', 'b'], ['cell', '3', '1', 'b'], ['cell', '3', '2', 'b'], ['cell', '3', '3', 'b'], ['cell', '2', '2', 'x'], ['control', 'o']]"
67d1bf9cfe5bb626e7bb64bb,9972cadd-ff64-11ef-be43-005056c00003,o,"['mark', '1', '1']",1,0,mistralai/mistral-small-24b-instruct-2501:free,3.7945289000635967,2025-03-12T17:08:44.927Z,"[['cell', '1', '2', 'b'], ['cell', '1', '3', 'b'], ['cell', '2', '1', 'b'], ['cell', '2', '3', 'b'], ['cell', '3', '1', 'b'], ['cell', '3', '2', 'b'], ['cell', '3', '3', 'b'], ['cell', '2', '2', 'x'], ['cell', '1', '1', 'o'], ['control', 'x']]"
67d1bfa3fe5bb626e7bb64bd,9972cadd-ff64-11ef-be43-005056c00003,x,"['mark', '1', '1']",0,0,cognitivecomputations/dolphin3.0-mistral-24b:free,2.6026070999214426,2025-03-12T17:08:51.952Z,"[['cell', '1', '2', 'b'], ['cell', '1', '3', 'b'], ['cell', '2', '1', 'b'], ['cell', '2', '3', 'b'], ['cell', '3', '1', 'b'], ['cell', '3', '2', 'b'], ['cell', '3', '3', 'b'], ['cell', '2', '2', 'x'], ['cell', '1', '1', 'o'], ['control', 'x']]"
67d1bfabfe5bb626e7bb64bf,9972cadd-ff64-11ef-be43-005056c00003,x,"['mark', '3', '2']",1,0,cognitivecomputations/dolphin3.0-mistral-24b:free,3.3703959999838844,2025-03-12T17:08:59.502Z,"[['cell', '1', '2', 'b'], ['cell', '1', '3', 'b'], ['cell', '2', '1', 'b'], ['cell', '2', '3', 'b'], ['cell', '3', '1', 'b'], ['cell', '3', '3', 'b'], ['cell', '2', '2', 'x'], ['cell', '1', '1', 'o'], ['cell', '3', '2', 'x'], ['control', 'o']]"
67d1bfb0fe5bb626e7bb64c1,9972cadd-ff64-11ef-be43-005056c00003,o,"['MOVE OR STEP with this format [M, N]']",0,0,mistralai/mistral-small-24b-instruct-2501:free,1.823420500033535,2025-03-12T17:09:04.882Z,"[['cell', '1', '2', 'b'], ['cell', '1', '3', 'b'], ['cell', '2', '1', 'b'], ['cell', '2', '3', 'b'], ['cell', '3', '1', 'b'], ['cell', '3', '3', 'b'], ['cell', '2', '2', 'x'], ['cell', '1', '1', 'o'], ['cell', '3', '2', 'x'], ['control', 'o']]"
67d1bfbafe5bb626e7bb64c3,9972cadd-ff64-11ef-be43-005056c00003,o,"['mark', '2', '3']",1,0,mistralai/mistral-small-24b-instruct-2501:free,3.5033970000222325,2025-03-12T17:09:14.113Z,"[['cell', '1', '2', 'b'], ['cell', '1', '3', 'b'], ['cell', '2', '1', 'b'], ['cell', '3', '1', 'b'], ['cell', '3', '3', 'b'], ['cell', '2', '2', 'x'], ['cell', '1', '1', 'o'], ['cell', '3', '2', 'x'], ['cell', '2', '3', 'o'], ['control', 'x']]"
67d1bfc4fe5bb626e7bb64c5,9972cadd-ff64-11ef-be43-005056c00003,x,"['mark', '3', '3']",1,0,cognitivecomputations/dolphin3.0-mistral-24b:free,2.5756414000643417,2025-03-12T17:09:24.100Z,"[['cell', '1', '2', 'b'], ['cell', '1', '3', 'b'], ['cell', '2', '1', 'b'], ['cell', '3', '1', 'b'], ['cell', '2', '2', 'x'], ['cell', '1', '1', 'o'], ['cell', '3', '2', 'x'], ['cell', '2', '3', 'o'], ['cell', '3', '3', 'x'], ['control', 'o']]"
67d1bfccfe5bb626e7bb64c7,9972cadd-ff64-11ef-be43-005056c00003,o,"['mark', '1', '3']",1,0,mistralai/mistral-small-24b-instruct-2501:free,3.9624107000418007,2025-03-12T17:09:32.862Z,"[['cell', '1', '2', 'b'], ['cell', '2', '1', 'b'], ['cell', '3', '1', 'b'], ['cell', '2', '2', 'x'], ['cell', '1', '1', 'o'], ['cell', '3', '2', 'x'], ['cell', '2', '3', 'o'], ['cell', '3', '3', 'x'], ['cell', '1', '3', 'o'], ['control', 'x']]"
67d1bfd4fe5bb626e7bb64c9,9972cadd-ff64-11ef-be43-005056c00003,x,"['mark', '3', '1']",1,1,cognitivecomputations/dolphin3.0-mistral-24b:free,2.633629299933091,2025-03-12T17:09:40.114Z,"[['cell', '1', '2', 'b'], ['cell', '2', '1', 'b'], ['cell', '2', '2', 'x'], ['cell', '1', '1', 'o'], ['cell', '3', '2', 'x'], ['cell', '2', '3', 'o'], ['cell', '3', '3', 'x'], ['cell', '1', '3', 'o'], ['cell', '3', '1', 'x'], ['control', 'o']]"
67d1bfdafe5bb626e7bb64cb,9972cadd-ff64-11ef-be43-005056c00003,o,"['mark', '2', '1']",1,1,mistralai/mistral-small-24b-instruct-2501:free,2.877206200035289,2025-03-12T17:09:46.712Z,"[['cell', '1', '2', 'b'], ['cell', '2', '2', 'x'], ['cell', '1', '1', 'o'], ['cell', '3', '2', 'x'], ['cell', '2', '3', 'o'], ['cell', '3', '3', 'x'], ['cell', '1', '3', 'o'], ['cell', '3', '1', 'x'], ['cell', '2', '1', 'o'], ['control', 'x']]"
67cefcc2ca91a3d8281f7a30,4f5f3100-fdbf-11ef-95b5-005056c00003,x,"['mark', '2', '2']",1,0,o3-mini,4.62982989999,2025-03-10T14:52:50.214Z,"[['cell', '1', '1', 'b'], ['cell', '1', '2', 'b'], ['cell', '1', '3', 'b'], ['cell', '2', '1', 'b'], ['cell', '2', '3', 'b'], ['cell', '3', '1', 'b'], ['cell', '3', '2', 'b'], ['cell', '3', '3', 'b'], ['cell', '2', '2', 'x'], ['control', 'o']]"
67cefcccca91a3d8281f7a32,4f5f3100-fdbf-11ef-95b5-005056c00003,o,"['mark', '1', '1']",1,0,google/gemini-2.0-flash-exp:free,6.348755000042729,2025-03-10T14:53:00.905Z,"[['cell', '1', '2', 'b'], ['cell', '1', '3', 'b'], ['cell', '2', '1', 'b'], ['cell', '2', '3', 'b'], ['cell', '3', '1', 'b'], ['cell', '3', '2', 'b'], ['cell', '3', '3', 'b'], ['cell', '2', '2', 'x'], ['cell', '1', '1', 'o'], ['control', 'x']]"
67cefcdeca91a3d8281f7a34,4f5f3100-fdbf-11ef-95b5-005056c00003,x,"['mark', '2', '3']",1,0,o3-mini,14.536078599980101,2025-03-10T14:53:18.996Z,"[['cell', '1', '2', 'b'], ['cell', '1', '3', 'b'], ['cell', '2', '1', 'b'], ['cell', '3', '1', 'b'], ['cell', '3', '2', 'b'], ['cell', '3', '3', 'b'], ['cell', '2', '2', 'x'], ['cell', '1', '1', 'o'], ['cell', '2', '3', 'x'], ['control', 'o']]"
67cefce6ca91a3d8281f7a36,4f5f3100-fdbf-11ef-95b5-005056c00003,o,"['mark', '1', '3']",1,0,google/gemini-2.0-flash-exp:free,3.47570170002291,2025-03-10T14:53:26.635Z,"[['cell', '1', '2', 'b'], ['cell', '2', '1', 'b'], ['cell', '3', '1', 'b'], ['cell', '3', '2', 'b'], ['cell', '3', '3', 'b'], ['cell', '2', '2', 'x'], ['cell', '1', '1', 'o'], ['cell', '2', '3', 'x'], ['cell', '1', '3', 'o'], ['control', 'x']]"
67cefcf2ca91a3d8281f7a38,4f5f3100-fdbf-11ef-95b5-005056c00003,x,"['mark', '2', '1']",1,1,o3-mini,8.444465800013859,2025-03-10T14:53:38.670Z,"[['cell', '1', '2', 'b'], ['cell', '3', '1', 'b'], ['cell', '3', '2', 'b'], ['cell', '3', '3', 'b'], ['cell', '2', '2', 'x'], ['cell', '1', '1', 'o'], ['cell', '2', '3', 'x'], ['cell', '1', '3', 'o'], ['cell', '2', '1', 'x'], ['control', 'o']]"
67cefcf9ca91a3d8281f7a3a,4f5f3100-fdbf-11ef-95b5-005056c00003,o,"['mark', '3', '1']",1,1,google/gemini-2.0-flash-exp:free,2.9890262000262737,2025-03-10T14:53:45.928Z,"[['cell', '1', '2', 'b'], ['cell', '3', '2', 'b'], ['cell', '3', '3', 'b'], ['cell', '2', '2', 'x'], ['cell', '1', '1', 'o'], ['cell', '2', '3', 'x'], ['cell', '1', '3', 'o'], ['cell', '2', '1', 'x'], ['cell', '3', '1', 'o'], ['control', 'x']]"
67cf15c669b91540b69ef7a4,383254fe-fdce-11ef-87e7-005056c00003,x,"['mark', '1', '1']",1,0,cognitivecomputations/dolphin3.0-r1-mistral-24b:free,3.3666067999438383,2025-03-10T16:39:34.128Z,"[['cell', '1', '2', 'b'], ['cell', '1', '3', 'b'], ['cell', '2', '1', 'b'], ['cell', '2', '2', 'b'], ['cell', '2', '3', 'b'], ['cell', '3', '1', 'b'], ['cell', '3', '2', 'b'], ['cell', '3', '3', 'b'], ['cell', '1', '1', 'x'], ['control', 'o']]"
67cf15cc69b91540b69ef7a6,383254fe-fdce-11ef-87e7-005056c00003,o,"['mark', '2', '2']",1,0,gpt-3.5-turbo-0125,1.1221586000174284,2025-03-10T16:39:40.779Z,"[['cell', '1', '2', 'b'], ['cell', '1', '3', 'b'], ['cell', '2', '1', 'b'], ['cell', '2', '3', 'b'], ['cell', '3', '1', 'b'], ['cell', '3', '2', 'b'], ['cell', '3', '3', 'b'], ['cell', '1', '1', 'x'], ['cell', '2', '2', 'o'], ['control', 'x']]"
67cf15df69b91540b69ef7a8,383254fe-fdce-11ef-87e7-005056c00003,x,"['mark', '1', '2']",1,0,cognitivecomputations/dolphin3.0-r1-mistral-24b:free,14.485562100016978,2025-03-10T16:39:59.070Z,"[['cell', '1', '3', 'b'], ['cell', '2', '1', 'b'], ['cell', '2', '3', 'b'], ['cell', '3', '1', 'b'], ['cell', '3', '2', 'b'], ['cell', '3', '3', 'b'], ['cell', '1', '1', 'x'], ['cell', '2', '2', 'o'], ['cell', '1', '2', 'x'], ['control', 'o']]"
67cf15e469b91540b69ef7aa,383254fe-fdce-11ef-87e7-005056c00003,o,"['mark', '3', '3']",1,0,gpt-3.5-turbo-0125,1.5217610000399873,2025-03-10T16:40:04.525Z,"[['cell', '1', '3', 'b'], ['cell', '2', '1', 'b'], ['cell', '2', '3', 'b'], ['cell', '3', '1', 'b'], ['cell', '3', '2', 'b'], ['cell', '1', '1', 'x'], ['cell', '2', '2', 'o'], ['cell', '1', '2', 'x'], ['cell', '3', '3', 'o'], ['control', 'x']]"
67cf160d69b91540b69ef7ac,383254fe-fdce-11ef-87e7-005056c00003,x,"['mark', '1', '3']",1,1,cognitivecomputations/dolphin3.0-r1-mistral-24b:free,34.249791000038385,2025-03-10T16:40:45.011Z,"[['cell', '2', '1', 'b'], ['cell', '2', '3', 'b'], ['cell', '3', '1', 'b'], ['cell', '3', '2', 'b'], ['cell', '1', '1', 'x'], ['cell', '2', '2', 'o'], ['cell', '1', '2', 'x'], ['cell', '3', '3', 'o'], ['cell', '1', '3', 'x'], ['control', 'o']]"
67cf161269b91540b69ef7ae,383254fe-fdce-11ef-87e7-005056c00003,o,"['mark', '3', '1']",1,1,gpt-3.5-turbo-0125,1.300054099992849,2025-03-10T16:40:50.329Z,"[['cell', '2', '1', 'b'], ['cell', '2', '3', 'b'], ['cell', '3', '2', 'b'], ['cell', '1', '1', 'x'], ['cell', '2', '2', 'o'], ['cell', '1', '2', 'x'], ['cell', '3', '3', 'o'], ['cell', '1', '3', 'x'], ['cell', '3', '1', 'o'], ['control', 'x']]"
67d1c57e03935a4ea564b425,26e4c037-ff68-11ef-b445-005056c00003,x,"['mark', '1', '1']",1,0,mistralai/mistral-small-24b-instruct-2501:free,1.7913140000309795,2025-03-12T17:33:50.975Z,"[['cell', '1', '2', 'b'], ['cell', '1', '3', 'b'], ['cell', '2', '1', 'b'], ['cell', '2', '2', 'b'], ['cell', '2', '3', 'b'], ['cell', '3', '1', 'b'], ['cell', '3', '2', 'b'], ['cell', '3', '3', 'b'], ['cell', '1', '1', 'x'], ['control', 'o']]"
67d1c58503935a4ea564b427,26e4c037-ff68-11ef-b445-005056c00003,o,"['mark', '1', '1']",0,0,cognitivecomputations/dolphin3.0-mistral-24b:free,1.8977932999841869,2025-03-12T17:33:57.038Z,"[['cell', '1', '2', 'b'], ['cell', '1', '3', 'b'], ['cell', '2', '1', 'b'], ['cell', '2', '2', 'b'], ['cell', '2', '3', 'b'], ['cell', '3', '1', 'b'], ['cell', '3', '2', 'b'], ['cell', '3', '3', 'b'], ['cell', '1', '1', 'x'], ['control', 'o']]"
67d1c58d03935a4ea564b429,26e4c037-ff68-11ef-b445-005056c00003,o,"['mark', '1', '2']",1,0,cognitivecomputations/dolphin3.0-mistral-24b:free,3.2725224000168964,2025-03-12T17:34:05.538Z,"[['cell', '1', '3', 'b'], ['cell', '2', '1', 'b'], ['cell', '2', '2', 'b'], ['cell', '2', '3', 'b'], ['cell', '3', '1', 'b'], ['cell', '3', '2', 'b'], ['cell', '3', '3', 'b'], ['cell', '1', '1', 'x'], ['cell', '1', '2', 'o'], ['control', 'x']]"
67d1c59303935a4ea564b42b,26e4c037-ff68-11ef-b445-005056c00003,x,"['mark', '1', '1']",0,0,mistralai/mistral-small-24b-instruct-2501:free,2.0817993000382558,2025-03-12T17:34:11.202Z,"[['cell', '1', '3', 'b'], ['cell', '2', '1', 'b'], ['cell', '2', '2', 'b'], ['cell', '2', '3', 'b'], ['cell', '3', '1', 'b'], ['cell', '3', '2', 'b'], ['cell', '3', '3', 'b'], ['cell', '1', '1', 'x'], ['cell', '1', '2', 'o'], ['control', 'x']]"
67d1c59903935a4ea564b42d,26e4c037-ff68-11ef-b445-005056c00003,x,"['mark', '3', '3']",1,0,mistralai/mistral-small-24b-instruct-2501:free,2.028524399967864,2025-03-12T17:34:17.527Z,"[['cell', '1', '3', 'b'], ['cell', '2', '1', 'b'], ['cell', '2', '2', 'b'], ['cell', '2', '3', 'b'], ['cell', '3', '1', 'b'], ['cell', '3', '2', 'b'], ['cell', '1', '1', 'x'], ['cell', '1', '2', 'o'], ['cell', '3', '3', 'x'], ['control', 'o']]"
67d1c5a103935a4ea564b42f,26e4c037-ff68-11ef-b445-005056c00003,o,"['mark', '3', '3']",0,0,cognitivecomputations/dolphin3.0-mistral-24b:free,3.2006232000421733,2025-03-12T17:34:25.684Z,"[['cell', '1', '3', 'b'], ['cell', '2', '1', 'b'], ['cell', '2', '2', 'b'], ['cell', '2', '3', 'b'], ['cell', '3', '1', 'b'], ['cell', '3', '2', 'b'], ['cell', '1', '1', 'x'], ['cell', '1', '2', 'o'], ['cell', '3', '3', 'x'], ['control', 'o']]"
67d1c5aa03935a4ea564b431,26e4c037-ff68-11ef-b445-005056c00003,o,"['mark', '3', '2']",1,0,cognitivecomputations/dolphin3.0-mistral-24b:free,3.3308590999804437,2025-03-12T17:34:34.564Z,"[['cell', '1', '3', 'b'], ['cell', '2', '1', 'b'], ['cell', '2', '2', 'b'], ['cell', '2', '3', 'b'], ['cell', '3', '1', 'b'], ['cell', '1', '1', 'x'], ['cell', '1', '2', 'o'], ['cell', '3', '3', 'x'], ['cell', '3', '2', 'o'], ['control', 'x']]"
67d1c5b703935a4ea564b433,26e4c037-ff68-11ef-b445-005056c00003,x,"['mark', '2', '2']",1,1,mistralai/mistral-small-24b-instruct-2501:free,6.853354200022295,2025-03-12T17:34:47.166Z,"[['cell', '1', '3', 'b'], ['cell', '2', '1', 'b'], ['cell', '2', '3', 'b'], ['cell', '3', '1', 'b'], ['cell', '1', '1', 'x'], ['cell', '1', '2', 'o'], ['cell', '3', '3', 'x'], ['cell', '3', '2', 'o'], ['cell', '2', '2', 'x'], ['control', 'o']]"
67d1c5c103935a4ea564b435,26e4c037-ff68-11ef-b445-005056c00003,o,"['mark', '2', '2']",0,1,cognitivecomputations/dolphin3.0-mistral-24b:free,3.3408979000523686,2025-03-12T17:34:57.720Z,"[['cell', '1', '3', 'b'], ['cell', '2', '1', 'b'], ['cell', '2', '3', 'b'], ['cell', '3', '1', 'b'], ['cell', '1', '1', 'x'], ['cell', '1', '2', 'o'], ['cell', '3', '3', 'x'], ['cell', '3', '2', 'o'], ['cell', '2', '2', 'x'], ['control', 'o']]"
67d1cc9292ecd96ff37b84e7,5bb8f43d-ff6c-11ef-9380-005056c00003,x,"['mark', '2', '2']",1,0,deepseek/deepseek-r1-distill-llama-70b:free,5.53715710004326,2025-03-12T18:04:02.357Z,"[['cell', '1', '1', 'b'], ['cell', '1', '2', 'b'], ['cell', '1', '3', 'b'], ['cell', '2', '1', 'b'], ['cell', '2', '3', 'b'], ['cell', '3', '1', 'b'], ['cell', '3', '2', 'b'], ['cell', '3', '3', 'b'], ['cell', '2', '2', 'x'], ['control', 'o']]"
67d1cc9992ecd96ff37b84e9,5bb8f43d-ff6c-11ef-9380-005056c00003,o,"['mark', '1', '1']",1,0,google/gemini-exp-1206:free,2.8063429000321776,2025-03-12T18:04:09.896Z,"[['cell', '1', '2', 'b'], ['cell', '1', '3', 'b'], ['cell', '2', '1', 'b'], ['cell', '2', '3', 'b'], ['cell', '3', '1', 'b'], ['cell', '3', '2', 'b'], ['cell', '3', '3', 'b'], ['cell', '2', '2', 'x'], ['cell', '1', '1', 'o'], ['control', 'x']]"
67d1ccad92ecd96ff37b84eb,5bb8f43d-ff6c-11ef-9380-005056c00003,x,"['mark', '1', '1']",0,0,deepseek/deepseek-r1-distill-llama-70b:free,12.37234629993327,2025-03-12T18:04:29.306Z,"[['cell', '1', '2', 'b'], ['cell', '1', '3', 'b'], ['cell', '2', '1', 'b'], ['cell', '2', '3', 'b'], ['cell', '3', '1', 'b'], ['cell', '3', '2', 'b'], ['cell', '3', '3', 'b'], ['cell', '2', '2', 'x'], ['cell', '1', '1', 'o'], ['control', 'x']]"
67d1ccc392ecd96ff37b84ed,5bb8f43d-ff6c-11ef-9380-005056c00003,x,"['mark', '3', '3']",1,0,deepseek/deepseek-r1-distill-llama-70b:free,17.417469099978916,2025-03-12T18:04:51.277Z,"[['cell', '1', '2', 'b'], ['cell', '1', '3', 'b'], ['cell', '2', '1', 'b'], ['cell', '2', '3', 'b'], ['cell', '3', '1', 'b'], ['cell', '3', '2', 'b'], ['cell', '2', '2', 'x'], ['cell', '1', '1', 'o'], ['cell', '3', '3', 'x'], ['control', 'o']]"
67d1ccc992ecd96ff37b84ef,5bb8f43d-ff6c-11ef-9380-005056c00003,o,"['mark', '1', '2']",1,0,google/gemini-exp-1206:free,2.9119026999687776,2025-03-12T18:04:57.215Z,"[['cell', '1', '3', 'b'], ['cell', '2', '1', 'b'], ['cell', '2', '3', 'b'], ['cell', '3', '1', 'b'], ['cell', '3', '2', 'b'], ['cell', '2', '2', 'x'], ['cell', '1', '1', 'o'], ['cell', '3', '3', 'x'], ['cell', '1', '2', 'o'], ['control', 'x']]"
67d1cce192ecd96ff37b84f1,5bb8f43d-ff6c-11ef-9380-005056c00003,x,"['mark', '1', '2']",0,0,deepseek/deepseek-r1-distill-llama-70b:free,20.46262809995096,2025-03-12T18:05:21.926Z,"[['cell', '1', '3', 'b'], ['cell', '2', '1', 'b'], ['cell', '2', '3', 'b'], ['cell', '3', '1', 'b'], ['cell', '3', '2', 'b'], ['cell', '2', '2', 'x'], ['cell', '1', '1', 'o'], ['cell', '3', '3', 'x'], ['cell', '1', '2', 'o'], ['control', 'x']]"
67d1ccf892ecd96ff37b84f3,5bb8f43d-ff6c-11ef-9380-005056c00003,x,"['mark', '3', '3']",0,0,deepseek/deepseek-r1-distill-llama-70b:free,18.67980050004553,2025-03-12T18:05:44.727Z,"[['cell', '1', '3', 'b'], ['cell', '2', '1', 'b'], ['cell', '2', '3', 'b'], ['cell', '3', '1', 'b'], ['cell', '3', '2', 'b'], ['cell', '2', '2', 'x'], ['cell', '1', '1', 'o'], ['cell', '3', '3', 'x'], ['cell', '1', '2', 'o'], ['control', 'x']]"
67d1cd1192ecd96ff37b84f5,5bb8f43d-ff6c-11ef-9380-005056c00003,x,"['mark', '2', '1']",1,0,deepseek/deepseek-r1-distill-llama-70b:free,19.947288000024855,2025-03-12T18:06:09.327Z,"[['cell', '1', '3', 'b'], ['cell', '2', '3', 'b'], ['cell', '3', '1', 'b'], ['cell', '3', '2', 'b'], ['cell', '2', '2', 'x'], ['cell', '1', '1', 'o'], ['cell', '3', '3', 'x'], ['cell', '1', '2', 'o'], ['cell', '2', '1', 'x'], ['control', 'o']]"
67d1cd1792ecd96ff37b84f7,5bb8f43d-ff6c-11ef-9380-005056c00003,o,"['mark', '2', '1']",0,0,google/gemini-exp-1206:free,2.1932266000658274,2025-03-12T18:06:15.487Z,"[['cell', '1', '3', 'b'], ['cell', '2', '3', 'b'], ['cell', '3', '1', 'b'], ['cell', '3', '2', 'b'], ['cell', '2', '2', 'x'], ['cell', '1', '1', 'o'], ['cell', '3', '3', 'x'], ['cell', '1', '2', 'o'], ['cell', '2', '1', 'x'], ['control', 'o']]"
67d1cd1c92ecd96ff37b84f9,5bb8f43d-ff6c-11ef-9380-005056c00003,o,"['mark', '1', '3']",1,1,google/gemini-exp-1206:free,1.7087676000082865,2025-03-12T18:06:20.360Z,"[['cell', '2', '3', 'b'], ['cell', '3', '1', 'b'], ['cell', '3', '2', 'b'], ['cell', '2', '2', 'x'], ['cell', '1', '1', 'o'], ['cell', '3', '3', 'x'], ['cell', '1', '2', 'o'], ['cell', '2', '1', 'x'], ['cell', '1', '3', 'o'], ['control', 'x']]"
67d1cd2b92ecd96ff37b84fb,5bb8f43d-ff6c-11ef-9380-005056c00003,x,"['mark', '3', '2']",1,1,deepseek/deepseek-r1-distill-llama-70b:free,11.126819900004193,2025-03-12T18:06:35.736Z,"[['cell', '2', '3', 'b'], ['cell', '3', '1', 'b'], ['cell', '2', '2', 'x'], ['cell', '1', '1', 'o'], ['cell', '3', '3', 'x'], ['cell', '1', '2', 'o'], ['cell', '2', '1', 'x'], ['cell', '1', '3', 'o'], ['cell', '3', '2', 'x'], ['control', 'o']]"
67d1ceebfd0bb838c8f9b5a2,c38c5546-ff6d-11ef-9da7-005056c00003,x,"['mark', '1', '1']",1,0,meta-llama/llama-3.3-70b-instruct:free,3.1986084000673145,2025-03-12T18:14:03.407Z,"[['cell', '1', '2', 'b'], ['cell', '1', '3', 'b'], ['cell', '2', '1', 'b'], ['cell', '2', '2', 'b'], ['cell', '2', '3', 'b'], ['cell', '3', '1', 'b'], ['cell', '3', '2', 'b'], ['cell', '3', '3', 'b'], ['cell', '1', '1', 'x'], ['control', 'o']]"
67d1cef4fd0bb838c8f9b5a4,c38c5546-ff6d-11ef-9da7-005056c00003,o,"['mark', '2', '2']",1,0,o1-mini,6.229846099973656,2025-03-12T18:14:12.760Z,"[['cell', '1', '2', 'b'], ['cell', '1', '3', 'b'], ['cell', '2', '1', 'b'], ['cell', '2', '3', 'b'], ['cell', '3', '1', 'b'], ['cell', '3', '2', 'b'], ['cell', '3', '3', 'b'], ['cell', '1', '1', 'x'], ['cell', '2', '2', 'o'], ['control', 'x']]"
67d1cefcfd0bb838c8f9b5a6,c38c5546-ff6d-11ef-9da7-005056c00003,x,"['mark', '1', '2']",1,0,meta-llama/llama-3.3-70b-instruct:free,3.2334604000207037,2025-03-12T18:14:20.106Z,"[['cell', '1', '3', 'b'], ['cell', '2', '1', 'b'], ['cell', '2', '3', 'b'], ['cell', '3', '1', 'b'], ['cell', '3', '2', 'b'], ['cell', '3', '3', 'b'], ['cell', '1', '1', 'x'], ['cell', '2', '2', 'o'], ['cell', '1', '2', 'x'], ['control', 'o']]"
67d1cf06fd0bb838c8f9b5a8,c38c5546-ff6d-11ef-9da7-005056c00003,o,"['mark', '1', '3']",1,0,o1-mini,7.277206899947487,2025-03-12T18:14:30.916Z,"[['cell', '2', '1', 'b'], ['cell', '2', '3', 'b'], ['cell', '3', '1', 'b'], ['cell', '3', '2', 'b'], ['cell', '3', '3', 'b'], ['cell', '1', '1', 'x'], ['cell', '2', '2', 'o'], ['cell', '1', '2', 'x'], ['cell', '1', '3', 'o'], ['control', 'x']]"
67d1cf0dfd0bb838c8f9b5aa,c38c5546-ff6d-11ef-9da7-005056c00003,x,"['mark', '3', '1']",1,0,meta-llama/llama-3.3-70b-instruct:free,2.9245920000830665,2025-03-12T18:14:37.710Z,"[['cell', '2', '1', 'b'], ['cell', '2', '3', 'b'], ['cell', '3', '2', 'b'], ['cell', '3', '3', 'b'], ['cell', '1', '1', 'x'], ['cell', '2', '2', 'o'], ['cell', '1', '2', 'x'], ['cell', '1', '3', 'o'], ['cell', '3', '1', 'x'], ['control', 'o']]"
67d1cf1bfd0bb838c8f9b5ac,c38c5546-ff6d-11ef-9da7-005056c00003,o,"['mark', '2', '1']",1,0,o1-mini,10.656899400055408,2025-03-12T18:14:51.496Z,"[['cell', '2', '3', 'b'], ['cell', '3', '2', 'b'], ['cell', '3', '3', 'b'], ['cell', '1', '1', 'x'], ['cell', '2', '2', 'o'], ['cell', '1', '2', 'x'], ['cell', '1', '3', 'o'], ['cell', '3', '1', 'x'], ['cell', '2', '1', 'o'], ['control', 'x']]"
67d1cf23fd0bb838c8f9b5ae,c38c5546-ff6d-11ef-9da7-005056c00003,x,"['mark', '3', '3']",1,0,meta-llama/llama-3.3-70b-instruct:free,4.132811800111085,2025-03-12T18:14:59.913Z,"[['cell', '2', '3', 'b'], ['cell', '3', '2', 'b'], ['cell', '1', '1', 'x'], ['cell', '2', '2', 'o'], ['cell', '1', '2', 'x'], ['cell', '1', '3', 'o'], ['cell', '3', '1', 'x'], ['cell', '2', '1', 'o'], ['cell', '3', '3', 'x'], ['control', 'o']]"
67d1cf33fd0bb838c8f9b5b0,c38c5546-ff6d-11ef-9da7-005056c00003,o,"['mark', '2', '3']",1,1,o1-mini,12.232349299942143,2025-03-12T18:15:15.236Z,"[['cell', '3', '2', 'b'], ['cell', '1', '1', 'x'], ['cell', '2', '2', 'o'], ['cell', '1', '2', 'x'], ['cell', '1', '3', 'o'], ['cell', '3', '1', 'x'], ['cell', '2', '1', 'o'], ['cell', '3', '3', 'x'], ['cell', '2', '3', 'o'], ['control', 'x']]"
67d1cf3cfd0bb838c8f9b5b2,c38c5546-ff6d-11ef-9da7-005056c00003,x,"['mark', 'M', 'N']",0,1,meta-llama/llama-3.3-70b-instruct:free,3.8758021000539884,2025-03-12T18:15:24.074Z,"[['cell', '3', '2', 'b'], ['cell', '1', '1', 'x'], ['cell', '2', '2', 'o'], ['cell', '1', '2', 'x'], ['cell', '1', '3', 'o'], ['cell', '3', '1', 'x'], ['cell', '2', '1', 'o'], ['cell', '3', '3', 'x'], ['cell', '2', '3', 'o'], ['control', 'x']]"
67d1c43e346d4f0ae60658fc,622bf04a-ff67-11ef-984f-005056c00003,x,"['mark', '1', '1']",1,0,nvidia/llama-3.1-nemotron-70b-instruct:free,5.8867057999596,2025-03-12T17:28:30.712Z,"[['cell', '1', '2', 'b'], ['cell', '1', '3', 'b'], ['cell', '2', '1', 'b'], ['cell', '2', '2', 'b'], ['cell', '2', '3', 'b'], ['cell', '3', '1', 'b'], ['cell', '3', '2', 'b'], ['cell', '3', '3', 'b'], ['cell', '1', '1', 'x'], ['control', 'o']]"
67d1c44a346d4f0ae60658fe,622bf04a-ff67-11ef-984f-005056c00003,o,"['mark', '1', '1']",0,0,sophosympatheia/rogue-rose-103b-v0.2:free,5.764995499979705,2025-03-12T17:28:42.435Z,"[['cell', '1', '2', 'b'], ['cell', '1', '3', 'b'], ['cell', '2', '1', 'b'], ['cell', '2', '2', 'b'], ['cell', '2', '3', 'b'], ['cell', '3', '1', 'b'], ['cell', '3', '2', 'b'], ['cell', '3', '3', 'b'], ['cell', '1', '1', 'x'], ['control', 'o']]"
67d1c45d346d4f0ae6065900,622bf04a-ff67-11ef-984f-005056c00003,o,"['mark', '3', '1']",1,0,sophosympatheia/rogue-rose-103b-v0.2:free,6.306357700028457,2025-03-12T17:29:01.840Z,"[['cell', '1', '2', 'b'], ['cell', '1', '3', 'b'], ['cell', '2', '1', 'b'], ['cell', '2', '2', 'b'], ['cell', '2', '3', 'b'], ['cell', '3', '2', 'b'], ['cell', '3', '3', 'b'], ['cell', '1', '1', 'x'], ['cell', '3', '1', 'o'], ['control', 'x']]"
67d1c467346d4f0ae6065902,622bf04a-ff67-11ef-984f-005056c00003,x,"['mark', '1', '1']",0,0,nvidia/llama-3.1-nemotron-70b-instruct:free,5.08674180007074,2025-03-12T17:29:11.800Z,"[['cell', '1', '2', 'b'], ['cell', '1', '3', 'b'], ['cell', '2', '1', 'b'], ['cell', '2', '2', 'b'], ['cell', '2', '3', 'b'], ['cell', '3', '2', 'b'], ['cell', '3', '3', 'b'], ['cell', '1', '1', 'x'], ['cell', '3', '1', 'o'], ['control', 'x']]"
67d1c470346d4f0ae6065904,622bf04a-ff67-11ef-984f-005056c00003,x,"['mark', '1', '2']",1,0,nvidia/llama-3.1-nemotron-70b-instruct:free,4.588800500030629,2025-03-12T17:29:20.153Z,"[['cell', '1', '3', 'b'], ['cell', '2', '1', 'b'], ['cell', '2', '2', 'b'], ['cell', '2', '3', 'b'], ['cell', '3', '2', 'b'], ['cell', '3', '3', 'b'], ['cell', '1', '1', 'x'], ['cell', '3', '1', 'o'], ['cell', '1', '2', 'x'], ['control', 'o']]"
67d1c479346d4f0ae6065906,622bf04a-ff67-11ef-984f-005056c00003,o,"['mark', '0', '2']",0,0,sophosympatheia/rogue-rose-103b-v0.2:free,4.434316399972886,2025-03-12T17:29:29.321Z,"[['cell', '1', '3', 'b'], ['cell', '2', '1', 'b'], ['cell', '2', '2', 'b'], ['cell', '2', '3', 'b'], ['cell', '3', '2', 'b'], ['cell', '3', '3', 'b'], ['cell', '1', '1', 'x'], ['cell', '3', '1', 'o'], ['cell', '1', '2', 'x'], ['control', 'o']]"
67d1c488346d4f0ae6065908,622bf04a-ff67-11ef-984f-005056c00003,o,"['mark', '2', '1']",1,0,sophosympatheia/rogue-rose-103b-v0.2:free,6.50525829999242,2025-03-12T17:29:44.284Z,"[['cell', '1', '3', 'b'], ['cell', '2', '2', 'b'], ['cell', '2', '3', 'b'], ['cell', '3', '2', 'b'], ['cell', '3', '3', 'b'], ['cell', '1', '1', 'x'], ['cell', '3', '1', 'o'], ['cell', '1', '2', 'x'], ['cell', '2', '1', 'o'], ['control', 'x']]"
67d1c493346d4f0ae606590a,622bf04a-ff67-11ef-984f-005056c00003,x,"['mark', '1', '3']",1,1,nvidia/llama-3.1-nemotron-70b-instruct:free,5.021083300001919,2025-03-12T17:29:55.993Z,"[['cell', '2', '2', 'b'], ['cell', '2', '3', 'b'], ['cell', '3', '2', 'b'], ['cell', '3', '3', 'b'], ['cell', '1', '1', 'x'], ['cell', '3', '1', 'o'], ['cell', '1', '2', 'x'], ['cell', '2', '1', 'o'], ['cell', '1', '3', 'x'], ['control', 'o']]"
67d1c49b346d4f0ae606590c,622bf04a-ff67-11ef-984f-005056c00003,o,"['o', '0', '0']",0,1,sophosympatheia/rogue-rose-103b-v0.2:free,4.174484699964523,2025-03-12T17:30:03.947Z,"[['cell', '2', '2', 'b'], ['cell', '2', '3', 'b'], ['cell', '3', '2', 'b'], ['cell', '3', '3', 'b'], ['cell', '1', '1', 'x'], ['cell', '3', '1', 'o'], ['cell', '1', '2', 'x'], ['cell', '2', '1', 'o'], ['cell', '1', '3', 'x'], ['control', 'o']]"
67d1c636b0b8772fa4f843db,8d75ab6d-ff68-11ef-a53c-005056c00003,x,"['mark', '2', '2']",1,0,qwen/qwen2.5-vl-72b-instruct:free,11.92719269997906,2025-03-12T17:36:54.639Z,"[['cell', '1', '1', 'b'], ['cell', '1', '2', 'b'], ['cell', '1', '3', 'b'], ['cell', '2', '1', 'b'], ['cell', '2', '3', 'b'], ['cell', '3', '1', 'b'], ['cell', '3', '2', 'b'], ['cell', '3', '3', 'b'], ['cell', '2', '2', 'x'], ['control', 'o']]"
67d1c642b0b8772fa4f843dd,8d75ab6d-ff68-11ef-a53c-005056c00003,o,"['mark', '1', '1']",1,0,google/gemini-2.0-pro-exp-02-05:free,5.589722199947573,2025-03-12T17:37:06.540Z,"[['cell', '1', '2', 'b'], ['cell', '1', '3', 'b'], ['cell', '2', '1', 'b'], ['cell', '2', '3', 'b'], ['cell', '3', '1', 'b'], ['cell', '3', '2', 'b'], ['cell', '3', '3', 'b'], ['cell', '2', '2', 'x'], ['cell', '1', '1', 'o'], ['control', 'x']]"
67d1c654b0b8772fa4f843df,8d75ab6d-ff68-11ef-a53c-005056c00003,x,"['mark', '3', '3']",1,0,qwen/qwen2.5-vl-72b-instruct:free,11.474815500085242,2025-03-12T17:37:24.709Z,"[['cell', '1', '2', 'b'], ['cell', '1', '3', 'b'], ['cell', '2', '1', 'b'], ['cell', '2', '3', 'b'], ['cell', '3', '1', 'b'], ['cell', '3', '2', 'b'], ['cell', '2', '2', 'x'], ['cell', '1', '1', 'o'], ['cell', '3', '3', 'x'], ['control', 'o']]"
67d1c65db0b8772fa4f843e1,8d75ab6d-ff68-11ef-a53c-005056c00003,o,"['mark', '1', '3']",1,0,google/gemini-2.0-pro-exp-02-05:free,4.91120289999526,2025-03-12T17:37:33.879Z,"[['cell', '1', '2', 'b'], ['cell', '2', '1', 'b'], ['cell', '2', '3', 'b'], ['cell', '3', '1', 'b'], ['cell', '3', '2', 'b'], ['cell', '2', '2', 'x'], ['cell', '1', '1', 'o'], ['cell', '3', '3', 'x'], ['cell', '1', '3', 'o'], ['control', 'x']]"
67d1c67bb0b8772fa4f843e3,8d75ab6d-ff68-11ef-a53c-005056c00003,x,"['mark', '3', '1']",1,0,qwen/qwen2.5-vl-72b-instruct:free,23.44895660004113,2025-03-12T17:38:03.340Z,"[['cell', '1', '2', 'b'], ['cell', '2', '1', 'b'], ['cell', '2', '3', 'b'], ['cell', '3', '2', 'b'], ['cell', '2', '2', 'x'], ['cell', '1', '1', 'o'], ['cell', '3', '3', 'x'], ['cell', '1', '3', 'o'], ['cell', '3', '1', 'x'], ['control', 'o']]"
67d1c686b0b8772fa4f843e5,8d75ab6d-ff68-11ef-a53c-005056c00003,o,"['mark', '2', '1']",1,0,google/gemini-2.0-pro-exp-02-05:free,5.110251800040714,2025-03-12T17:38:14.002Z,"[['cell', '1', '2', 'b'], ['cell', '2', '3', 'b'], ['cell', '3', '2', 'b'], ['cell', '2', '2', 'x'], ['cell', '1', '1', 'o'], ['cell', '3', '3', 'x'], ['cell', '1', '3', 'o'], ['cell', '3', '1', 'x'], ['cell', '2', '1', 'o'], ['control', 'x']]"
67d1c6aab0b8772fa4f843e7,8d75ab6d-ff68-11ef-a53c-005056c00003,x,"['mark', '2', '3']",1,0,qwen/qwen2.5-vl-72b-instruct:free,29.69815159996506,2025-03-12T17:38:50.230Z,"[['cell', '1', '2', 'b'], ['cell', '3', '2', 'b'], ['cell', '2', '2', 'x'], ['cell', '1', '1', 'o'], ['cell', '3', '3', 'x'], ['cell', '1', '3', 'o'], ['cell', '3', '1', 'x'], ['cell', '2', '1', 'o'], ['cell', '2', '3', 'x'], ['control', 'o']]"
67d1c6b5b0b8772fa4f843e9,8d75ab6d-ff68-11ef-a53c-005056c00003,o,"['mark', '1', '2']",1,1,google/gemini-2.0-pro-exp-02-05:free,4.998817199957557,2025-03-12T17:39:01.209Z,"[['cell', '3', '2', 'b'], ['cell', '2', '2', 'x'], ['cell', '1', '1', 'o'], ['cell', '3', '3', 'x'], ['cell', '1', '3', 'o'], ['cell', '3', '1', 'x'], ['cell', '2', '1', 'o'], ['cell', '2', '3', 'x'], ['cell', '1', '2', 'o'], ['control', 'x']]"
67d1c6ceb0b8772fa4f843eb,8d75ab6d-ff68-11ef-a53c-005056c00003,x,"['mark', '3', '2']",1,0,qwen/qwen2.5-vl-72b-instruct:free,19.241427000029944,2025-03-12T17:39:26.414Z,"[['cell', '2', '2', 'x'], ['cell', '1', '1', 'o'], ['cell', '3', '3', 'x'], ['cell', '1', '3', 'o'], ['cell', '3', '1', 'x'], ['cell', '2', '1', 'o'], ['cell', '2', '3', 'x'], ['cell', '1', '2', 'o'], ['cell', '3', '2', 'x'], ['control', 'o']]"
67d1c25c55bb90ac1a59e334,45a7494a-ff66-11ef-92d4-005056c00003,x,"['mark', '1', '2']",1,0,sophosympatheia/rogue-rose-103b-v0.2:free,4.811519899987616,2025-03-12T17:20:28.651Z,"[['cell', '1', '1', 'b'], ['cell', '1', '3', 'b'], ['cell', '2', '1', 'b'], ['cell', '2', '2', 'b'], ['cell', '2', '3', 'b'], ['cell', '3', '1', 'b'], ['cell', '3', '2', 'b'], ['cell', '3', '3', 'b'], ['cell', '1', '2', 'x'], ['control', 'o']]"
67d1c26755bb90ac1a59e336,45a7494a-ff66-11ef-92d4-005056c00003,o,"['mark', '2', '2']",1,0,nvidia/llama-3.1-nemotron-70b-instruct:free,4.716942200087942,2025-03-12T17:20:39.291Z,"[['cell', '1', '1', 'b'], ['cell', '1', '3', 'b'], ['cell', '2', '1', 'b'], ['cell', '2', '3', 'b'], ['cell', '3', '1', 'b'], ['cell', '3', '2', 'b'], ['cell', '3', '3', 'b'], ['cell', '1', '2', 'x'], ['cell', '2', '2', 'o'], ['control', 'x']]"
67d1c27355bb90ac1a59e338,45a7494a-ff66-11ef-92d4-005056c00003,x,"['mark', '1', '3']",1,0,sophosympatheia/rogue-rose-103b-v0.2:free,6.243683500098996,2025-03-12T17:20:51.001Z,"[['cell', '1', '1', 'b'], ['cell', '2', '1', 'b'], ['cell', '2', '3', 'b'], ['cell', '3', '1', 'b'], ['cell', '3', '2', 'b'], ['cell', '3', '3', 'b'], ['cell', '1', '2', 'x'], ['cell', '2', '2', 'o'], ['cell', '1', '3', 'x'], ['control', 'o']]"
67d1c27e55bb90ac1a59e33a,45a7494a-ff66-11ef-92d4-005056c00003,o,"['mark', '2', '1']",1,0,nvidia/llama-3.1-nemotron-70b-instruct:free,6.483258299995214,2025-03-12T17:21:02.161Z,"[['cell', '1', '1', 'b'], ['cell', '2', '3', 'b'], ['cell', '3', '1', 'b'], ['cell', '3', '2', 'b'], ['cell', '3', '3', 'b'], ['cell', '1', '2', 'x'], ['cell', '2', '2', 'o'], ['cell', '1', '3', 'x'], ['cell', '2', '1', 'o'], ['control', 'x']]"
67d1c28c55bb90ac1a59e33c,45a7494a-ff66-11ef-92d4-005056c00003,x,"['mark', '3', '2']",1,0,sophosympatheia/rogue-rose-103b-v0.2:free,9.788921099971049,2025-03-12T17:21:16.781Z,"[['cell', '1', '1', 'b'], ['cell', '2', '3', 'b'], ['cell', '3', '1', 'b'], ['cell', '3', '3', 'b'], ['cell', '1', '2', 'x'], ['cell', '2', '2', 'o'], ['cell', '1', '3', 'x'], ['cell', '2', '1', 'o'], ['cell', '3', '2', 'x'], ['control', 'o']]"
67d1c29755bb90ac1a59e33e,45a7494a-ff66-11ef-92d4-005056c00003,o,"['mark', '3', '1']",1,0,nvidia/llama-3.1-nemotron-70b-instruct:free,6.784603000036441,2025-03-12T17:21:27.611Z,"[['cell', '1', '1', 'b'], ['cell', '2', '3', 'b'], ['cell', '3', '3', 'b'], ['cell', '1', '2', 'x'], ['cell', '2', '2', 'o'], ['cell', '1', '3', 'x'], ['cell', '2', '1', 'o'], ['cell', '3', '2', 'x'], ['cell', '3', '1', 'o'], ['control', 'x']]"
67d1c2a555bb90ac1a59e340,45a7494a-ff66-11ef-92d4-005056c00003,x,"['mark', '1', '1']",1,1,sophosympatheia/rogue-rose-103b-v0.2:free,7.977697700029239,2025-03-12T17:21:41.311Z,"[['cell', '2', '3', 'b'], ['cell', '3', '3', 'b'], ['cell', '1', '2', 'x'], ['cell', '2', '2', 'o'], ['cell', '1', '3', 'x'], ['cell', '2', '1', 'o'], ['cell', '3', '2', 'x'], ['cell', '3', '1', 'o'], ['cell', '1', '1', 'x'], ['control', 'o']]"
67d1c2b055bb90ac1a59e342,45a7494a-ff66-11ef-92d4-005056c00003,o,"['mark', '2', '3']",1,1,nvidia/llama-3.1-nemotron-70b-instruct:free,6.6579351999098435,2025-03-12T17:21:52.616Z,"[['cell', '3', '3', 'b'], ['cell', '1', '2', 'x'], ['cell', '2', '2', 'o'], ['cell', '1', '3', 'x'], ['cell', '2', '1', 'o'], ['cell', '3', '2', 'x'], ['cell', '3', '1', 'o'], ['cell', '1', '1', 'x'], ['cell', '2', '3', 'o'], ['control', 'x']]"
67d1cb949f077ded6664d04a,c3189110-ff6b-11ef-8d4d-005056c00003,x,"['mark', '2', '2']",1,0,deepseek/deepseek-r1:free,7.331491600023583,2025-03-12T17:59:48.677Z,"[['cell', '1', '1', 'b'], ['cell', '1', '2', 'b'], ['cell', '1', '3', 'b'], ['cell', '2', '1', 'b'], ['cell', '2', '3', 'b'], ['cell', '3', '1', 'b'], ['cell', '3', '2', 'b'], ['cell', '3', '3', 'b'], ['cell', '2', '2', 'x'], ['control', 'o']]"
67d1cb9c9f077ded6664d04c,c3189110-ff6b-11ef-8d4d-005056c00003,o,"['mark', '1', '1']",1,0,google/learnlm-1.5-pro-experimental:free,3.9749471000395715,2025-03-12T17:59:56.647Z,"[['cell', '1', '2', 'b'], ['cell', '1', '3', 'b'], ['cell', '2', '1', 'b'], ['cell', '2', '3', 'b'], ['cell', '3', '1', 'b'], ['cell', '3', '2', 'b'], ['cell', '3', '3', 'b'], ['cell', '2', '2', 'x'], ['cell', '1', '1', 'o'], ['control', 'x']]"
67d1cbbe9f077ded6664d04e,c3189110-ff6b-11ef-8d4d-005056c00003,x,"['mark', '3', '3']",1,0,deepseek/deepseek-r1:free,28.83534560003318,2025-03-12T18:00:30.297Z,"[['cell', '1', '2', 'b'], ['cell', '1', '3', 'b'], ['cell', '2', '1', 'b'], ['cell', '2', '3', 'b'], ['cell', '3', '1', 'b'], ['cell', '3', '2', 'b'], ['cell', '2', '2', 'x'], ['cell', '1', '1', 'o'], ['cell', '3', '3', 'x'], ['control', 'o']]"
67d1cbc59f077ded6664d050,c3189110-ff6b-11ef-8d4d-005056c00003,o,"['mark', '1', '3']",1,0,google/learnlm-1.5-pro-experimental:free,2.7333324999781325,2025-03-12T18:00:37.087Z,"[['cell', '1', '2', 'b'], ['cell', '2', '1', 'b'], ['cell', '2', '3', 'b'], ['cell', '3', '1', 'b'], ['cell', '3', '2', 'b'], ['cell', '2', '2', 'x'], ['cell', '1', '1', 'o'], ['cell', '3', '3', 'x'], ['cell', '1', '3', 'o'], ['control', 'x']]"
67d1cc099f077ded6664d052,c3189110-ff6b-11ef-8d4d-005056c00003,x,"['mark', '1', '2']",1,0,deepseek/deepseek-r1:free,64.00246819993481,2025-03-12T18:01:45.127Z,"[['cell', '2', '1', 'b'], ['cell', '2', '3', 'b'], ['cell', '3', '1', 'b'], ['cell', '3', '2', 'b'], ['cell', '2', '2', 'x'], ['cell', '1', '1', 'o'], ['cell', '3', '3', 'x'], ['cell', '1', '3', 'o'], ['cell', '1', '2', 'x'], ['control', 'o']]"
67d1cc109f077ded6664d054,c3189110-ff6b-11ef-8d4d-005056c00003,o,"['mark', '3', '1']",1,0,google/learnlm-1.5-pro-experimental:free,2.994827500078827,2025-03-12T18:01:52.249Z,"[['cell', '2', '1', 'b'], ['cell', '2', '3', 'b'], ['cell', '3', '2', 'b'], ['cell', '2', '2', 'x'], ['cell', '1', '1', 'o'], ['cell', '3', '3', 'x'], ['cell', '1', '3', 'o'], ['cell', '1', '2', 'x'], ['cell', '3', '1', 'o'], ['control', 'x']]"
67d1cc479f077ded6664d056,c3189110-ff6b-11ef-8d4d-005056c00003,x,"['mark', '3', '2']",1,1,deepseek/deepseek-r1:free,50.651836499921046,2025-03-12T18:02:47.208Z,"[['cell', '2', '1', 'b'], ['cell', '2', '3', 'b'], ['cell', '2', '2', 'x'], ['cell', '1', '1', 'o'], ['cell', '3', '3', 'x'], ['cell', '1', '3', 'o'], ['cell', '1', '2', 'x'], ['cell', '3', '1', 'o'], ['cell', '3', '2', 'x'], ['control', 'o']]"
67d1cc4d9f077ded6664d058,c3189110-ff6b-11ef-8d4d-005056c00003,o,['[]'],0,1,google/learnlm-1.5-pro-experimental:free,3.003547800006345,2025-03-12T18:02:53.077Z,"[['cell', '2', '1', 'b'], ['cell', '2', '3', 'b'], ['cell', '2', '2', 'x'], ['cell', '1', '1', 'o'], ['cell', '3', '3', 'x'], ['cell', '1', '3', 'o'], ['cell', '1', '2', 'x'], ['cell', '3', '1', 'o'], ['cell', '3', '2', 'x'], ['control', 'o']]"
